BALANCE,PURCHASES,CREDIT_LIMIT,TENURE,PREDICTED_TENURE_CATEGORY
16.834929,15.0,7500.0,Long-term,Long-term
540.020858,612.23,2000.0,Long-term,Long-term
119.237712,342.74,2000.0,Long-term,Long-term
894.081947,1901.71,1500.0,Long-term,Short-term
1294.145453,3059.1,7000.0,Long-term,Long-term
32.229139,145.85,1000.0,Long-term,Long-term
812.839893,1160.09,2000.0,Mid-term,Long-term
1054.905969,885.44,1000.0,Long-term,Long-term
600.777518,760.38,4500.0,Long-term,Long-term
2184.965504,0.0,8000.0,Long-term,Mid-term
335.360271,3237.47,2000.0,Long-term,Long-term
4380.251712,0.0,4500.0,Mid-term,Long-term
1239.889457,3914.15,9500.0,Long-term,Long-term
212.080181,618.0,6000.0,Long-term,Long-term
90.017392,1247.39,5000.0,Long-term,Long-term
547.484638,1225.96,1500.0,Long-term,Mid-term
1189.030969,1122.3,4000.0,Long-term,Long-term
2221.252825,0.0,7000.0,Long-term,Mid-term
1053.639683,1027.01,2200.0,Long-term,Long-term
2458.376257,0.0,7500.0,Long-term,Long-term
1155.509859,564.0,4000.0,Long-term,Long-term
1139.782882,0.0,1200.0,Long-term,Long-term
1411.096444,270.0,1500.0,Long-term,Long-term
2848.735428,95.67,5500.0,Long-term,Long-term
2584.317807,0.0,3000.0,Long-term,Mid-term
2244.345037,2969.3,9500.0,Long-term,Long-term
276.93292,0.0,1000.0,Long-term,Long-term
4.326857,100.12,4000.0,Long-term,Long-term
5355.922523,2469.28,8000.0,Long-term,Long-term
492.916599,4371.82,20000.0,Long-term,Mid-term
12596.42194,0.0,14000.0,Long-term,Long-term
544.314078,111.8,1200.0,Long-term,Long-term
435.518068,27.22,500.0,Long-term,Long-term
972.958145,100.0,1000.0,Long-term,Mid-term
1094.221693,35.0,1200.0,Long-term,Long-term
396.419487,4349.34,5000.0,Long-term,Long-term
1269.019947,445.46,2600.0,Long-term,Long-term
338.310239,2855.04,6000.0,Long-term,Long-term
182.514528,157.67,1000.0,Long-term,Long-term
947.223495,0.0,6500.0,Long-term,Long-term
661.940291,755.14,6500.0,Long-term,Short-term
55.907108,439.91,6000.0,Long-term,Long-term
2848.442843,2148.02,3500.0,Long-term,Long-term
5938.788939,3394.94,12000.0,Long-term,Long-term
56.68168,827.2,1000.0,Long-term,Long-term
1276.941373,2196.54,1000.0,Long-term,Long-term
931.907808,1142.12,1000.0,Short-term,Short-term
1959.35945,0.0,4000.0,Long-term,Long-term
965.514081,8945.67,5500.0,Long-term,Long-term
40.074484,423.37,7000.0,Long-term,Long-term
47.336863,464.95,1000.0,Long-term,Long-term
41.642389,75.99,2700.0,Short-term,Long-term
3063.017462,0.0,5500.0,Long-term,Long-term
3345.311478,767.13,3000.0,Long-term,Mid-term
1281.911087,3173.5,1000.0,Long-term,Long-term
23.587067,837.48,3500.0,Long-term,Long-term
780.382656,0.0,1500.0,Long-term,Long-term
2735.480264,100.0,9000.0,Long-term,Long-term
1180.758966,1274.54,4500.0,Long-term,Long-term
1874.572121,0.0,2500.0,Long-term,Long-term
108.766657,750.19,2500.0,Short-term,Long-term
770.636646,0.0,1500.0,Long-term,Long-term
0.25571,24.0,1500.0,Long-term,Long-term
19.104261,322.77,5300.0,Long-term,Long-term
1088.031913,9734.63,8500.0,Long-term,Long-term
117.205812,215.0,1750.0,Long-term,Long-term
291.654079,1528.77,9000.0,Long-term,Long-term
1157.305572,0.0,1200.0,Long-term,Long-term
1517.559661,0.0,1950.0,Long-term,Long-term
1241.565972,3637.75,7000.0,Long-term,Long-term
785.704401,1059.82,3600.0,Long-term,Long-term
257.564141,2971.83,6000.0,Long-term,Long-term
716.970968,378.35,1000.0,Short-term,Mid-term
2490.340771,2197.28,4200.0,Long-term,Long-term
809.572784,691.66,1500.0,Long-term,Mid-term
365.005559,421.04,4000.0,Long-term,Long-term
5.871712,20.9,500.0,Short-term,Mid-term
5561.206188,1120.29,6000.0,Long-term,Long-term
4436.557694,6005.9,10500.0,Long-term,Long-term
1413.006634,1678.69,1800.0,Long-term,Long-term
4.115287,60.0,2500.0,Long-term,Long-term
311.341555,3721.39,4000.0,Long-term,Long-term
1173.662921,0.0,1800.0,Long-term,Long-term
502.236778,603.46,1200.0,Long-term,Long-term
40.778677,100.98,400.0,Long-term,Long-term
2731.663846,0.0,8000.0,Short-term,Long-term
4059.211725,0.0,5000.0,Long-term,Long-term
3630.771485,0.0,9000.0,Long-term,Long-term
670.177406,4562.69,9000.0,Long-term,Long-term
449.556041,143.0,5000.0,Long-term,Long-term
1155.692527,981.2,1200.0,Long-term,Long-term
410.021801,1438.76,3000.0,Long-term,Short-term
1194.651852,322.29,1200.0,Long-term,Long-term
1390.563775,0.0,1500.0,Long-term,Long-term
391.07025,2616.0,2000.0,Long-term,Long-term
871.499977,20.0,2000.0,Long-term,Long-term
1322.64748,799.92,1000.0,Long-term,Long-term
349.441102,1975.4,4000.0,Long-term,Long-term
107.600851,1461.15,7500.0,Long-term,Long-term
6022.224462,0.0,7000.0,Long-term,Mid-term
51.65143,398.98,2500.0,Long-term,Long-term
2002.429291,3500.03,6000.0,Long-term,Long-term
72.575706,0.0,1000.0,Long-term,Long-term
1654.369427,736.24,7000.0,Long-term,Long-term
717.764625,3358.25,4000.0,Long-term,Long-term
54.567517,0.0,3000.0,Long-term,Long-term
3007.093879,0.0,3500.0,Long-term,Long-term
772.647723,0.0,2500.0,Mid-term,Short-term
4217.472407,7311.99,6700.0,Long-term,Long-term
601.92037,983.77,2400.0,Long-term,Long-term
632.679411,1363.79,6000.0,Long-term,Long-term
68.039722,734.11,5000.0,Long-term,Long-term
11.673388,76.0,4000.0,Long-term,Long-term
37.911473,254.0,3000.0,Long-term,Long-term
104.693836,783.24,2700.0,Long-term,Long-term
1.097736,343.82,4000.0,Long-term,Long-term
0.892901,492.0,7500.0,Long-term,Long-term
0.979061,0.0,500.0,Long-term,Mid-term
420.348086,3986.24,1500.0,Long-term,Long-term
41.049799,413.31,6000.0,Long-term,Long-term
11.748193,80.75,2000.0,Long-term,Long-term
3881.679582,15.92,5500.0,Long-term,Mid-term
233.376877,1178.12,6000.0,Long-term,Long-term
112.973151,0.0,6000.0,Long-term,Long-term
322.411152,1506.92,2500.0,Long-term,Long-term
846.091011,2599.2,3000.0,Long-term,Long-term
227.781773,1497.82,3500.0,Long-term,Long-term
3.005343,0.0,1200.0,Mid-term,Mid-term
637.379659,37.62,1500.0,Long-term,Short-term
27.585915,0.0,11000.0,Long-term,Long-term
1647.932117,0.0,1800.0,Long-term,Long-term
2130.050015,1044.2,6000.0,Mid-term,Long-term
5.270593,69.57,4000.0,Long-term,Long-term
251.273637,1861.74,3000.0,Long-term,Long-term
1441.993476,0.0,3000.0,Long-term,Long-term
95.517105,1305.72,1700.0,Long-term,Long-term
17.141376,182.1,6000.0,Long-term,Short-term
1670.918981,1543.83,7000.0,Long-term,Long-term
462.918623,3497.99,3000.0,Long-term,Mid-term
810.089776,1428.89,2500.0,Long-term,Long-term
1029.713408,1141.21,3000.0,Long-term,Long-term
2030.838228,3165.54,6000.0,Long-term,Long-term
2872.838687,555.0,3000.0,Long-term,Long-term
1973.025342,0.0,2000.0,Mid-term,Mid-term
1467.162166,1313.26,11500.0,Long-term,Long-term
27.254213,316.3,2500.0,Long-term,Long-term
95.645669,566.43,9000.0,Long-term,Long-term
1199.490675,2093.55,4000.0,Long-term,Long-term
1838.159648,0.0,3500.0,Long-term,Long-term
1176.753991,0.0,2000.0,Long-term,Short-term
7776.4369,107.33,8500.0,Long-term,Long-term
102.751154,1063.69,7000.0,Long-term,Long-term
2837.112414,0.0,8000.0,Long-term,Long-term
62.986919,693.43,8500.0,Long-term,Long-term
2386.932058,861.79,6000.0,Long-term,Long-term
3267.962664,1910.51,3000.0,Long-term,Long-term
411.894578,2948.1,4000.0,Long-term,Long-term
1669.488962,0.0,1800.0,Long-term,Long-term
1541.047251,100.0,7000.0,Long-term,Long-term
1327.653853,20.9,1500.0,Long-term,Long-term
1129.284728,1211.42,4000.0,Long-term,Long-term
291.598301,0.0,3000.0,Long-term,Long-term
82.902896,430.43,2500.0,Long-term,Long-term
4986.400804,0.0,8000.0,Long-term,Long-term
281.469522,2500.03,12000.0,Long-term,Long-term
267.253822,2326.71,16000.0,Long-term,Long-term
2709.099711,354.92,8500.0,Long-term,Long-term
18.885677,57.0,1500.0,Mid-term,Short-term
11.332157,136.08,1200.0,Long-term,Long-term
2734.66412,560.73,7500.0,Long-term,Long-term
2282.814895,1522.72,9500.0,Long-term,Long-term
9.581344,118.6,3300.0,Long-term,Long-term
19.183215,300.0,1000.0,Short-term,Mid-term
2605.6002,0.0,12000.0,Long-term,Long-term
255.851136,311.8,2500.0,Long-term,Long-term
300.395286,394.95,6000.0,Long-term,Long-term
17.734657,209.28,2700.0,Long-term,Long-term
545.819208,49.55,2500.0,Long-term,Long-term
1256.034535,545.74,7000.0,Long-term,Long-term
6209.488896,0.0,8500.0,Long-term,Long-term
67.377243,295.0,1000.0,Long-term,Long-term
4530.639094,0.0,8000.0,Long-term,Long-term
1874.716289,301.1,1950.0,Long-term,Mid-term
4637.848144,1271.12,5000.0,Long-term,Long-term
5308.90635,0.0,9500.0,Long-term,Long-term
922.615452,45.65,1700.0,Long-term,Long-term
2966.412112,1473.26,3500.0,Long-term,Long-term
6245.256644,539.55,6500.0,Long-term,Long-term
1678.5937,1846.81,3500.0,Mid-term,Long-term
54.096839,185.99,4000.0,Long-term,Long-term
9901.685569,2190.95,11500.0,Long-term,Long-term
400.462305,0.0,5000.0,Long-term,Long-term
655.712971,264.35,1500.0,Long-term,Long-term
2.484819,41.2,2000.0,Long-term,Long-term
796.558943,531.24,1000.0,Short-term,Long-term
444.630038,0.0,500.0,Long-term,Short-term
661.423035,1109.53,7500.0,Long-term,Short-term
229.752417,82.28,1000.0,Long-term,Short-term
923.977036,0.0,2500.0,Long-term,Long-term
74.254958,952.16,7000.0,Long-term,Long-term
336.640397,589.59,5000.0,Long-term,Long-term
0.0,61.21,2600.0,Long-term,Short-term
4.334047,73.17,2900.0,Mid-term,Long-term
14.002192,76.0,5000.0,Long-term,Long-term
94.110539,1090.19,7000.0,Long-term,Long-term
45.905486,398.4,4000.0,Long-term,Long-term
1417.157652,562.5,1500.0,Long-term,Long-term
1140.805503,1296.47,1800.0,Long-term,Long-term
40.069534,833.29,7000.0,Long-term,Long-term
62.635576,611.31,1500.0,Long-term,Long-term
3250.621234,247.31,4000.0,Long-term,Long-term
1087.565213,0.0,1200.0,Mid-term,Long-term
37.759404,398.64,2500.0,Long-term,Long-term
3215.344017,1149.92,6500.0,Long-term,Long-term
1611.475175,807.72,1500.0,Long-term,Long-term
5036.870531,1752.15,10300.0,Long-term,Long-term
1432.350154,0.0,1500.0,Long-term,Long-term
133.957441,128.5,1500.0,Short-term,Long-term
1546.414616,0.0,3500.0,Long-term,Short-term
317.657562,4398.35,16500.0,Long-term,Long-term
1016.826034,0.0,1500.0,Short-term,Long-term
976.370187,0.0,1600.0,Long-term,Long-term
2762.536531,0.0,3000.0,Long-term,Long-term
1337.287314,1662.41,1500.0,Long-term,Mid-term
43.42718,569.34,16500.0,Long-term,Long-term
7.388588,84.05,4000.0,Long-term,Short-term
1175.922628,14.72,1200.0,Long-term,Long-term
1631.603874,0.0,1800.0,Long-term,Long-term
683.849179,7387.83,8000.0,Long-term,Long-term
16.005542,151.33,5000.0,Long-term,Long-term
9206.811696,874.98,12500.0,Long-term,Long-term
95.597121,101.97,3000.0,Long-term,Long-term
129.314624,94.5,1500.0,Long-term,Long-term
2632.469367,0.0,3000.0,Long-term,Long-term
3013.581545,0.0,3000.0,Long-term,Long-term
689.697644,22.68,11500.0,Long-term,Long-term
14.471941,120.0,3000.0,Long-term,Long-term
35.862466,361.49,1500.0,Long-term,Mid-term
22.151355,134.87,3000.0,Short-term,Long-term
694.70767,0.0,4500.0,Long-term,Long-term
2643.019532,554.38,8000.0,Long-term,Long-term
1200.937942,0.0,2000.0,Short-term,Short-term
161.442459,1767.61,2000.0,Long-term,Long-term
3789.302616,49.98,8500.0,Long-term,Long-term
994.367302,0.0,10000.0,Short-term,Short-term
937.434519,1124.88,2500.0,Long-term,Long-term
584.287125,0.0,1000.0,Long-term,Long-term
6255.078201,195.29,7500.0,Long-term,Long-term
17.357563,244.85,5000.0,Long-term,Long-term
3277.092999,3936.51,10000.0,Long-term,Long-term
368.330629,1029.29,6500.0,Long-term,Long-term
1439.410201,184.7,1500.0,Long-term,Long-term
673.930629,689.93,1800.0,Long-term,Long-term
106.390419,1038.38,6000.0,Long-term,Long-term
50.803778,0.0,1500.0,Mid-term,Long-term
40.607669,479.0,2000.0,Long-term,Long-term
13.959639,149.88,4000.0,Long-term,Long-term
1571.382204,1849.26,7000.0,Long-term,Long-term
62.209376,782.88,3000.0,Long-term,Long-term
106.45347,2014.84,3000.0,Long-term,Long-term
434.099616,4392.05,6000.0,Long-term,Long-term
248.200613,2329.12,5500.0,Long-term,Long-term
670.120718,0.0,1200.0,Long-term,Long-term
1539.46423,629.78,2000.0,Long-term,Long-term
478.834962,1060.99,1300.0,Long-term,Long-term
17.905235,159.0,4000.0,Long-term,Long-term
59.695937,370.56,1500.0,Long-term,Short-term
3467.619262,468.49,4000.0,Long-term,Long-term
1118.057185,0.0,1200.0,Long-term,Long-term
67.72881,869.48,3000.0,Long-term,Long-term
71.542751,561.38,1500.0,Long-term,Long-term
1242.886266,17.6,4000.0,Long-term,Long-term
2304.087171,0.0,3000.0,Long-term,Long-term
7969.504857,0.0,11500.0,Long-term,Long-term
185.396312,0.0,1000.0,Long-term,Mid-term
99.700878,912.98,1200.0,Mid-term,Long-term
1333.252963,0.0,4000.0,Long-term,Long-term
269.816561,1965.95,5500.0,Long-term,Long-term
117.777688,853.3,2000.0,Long-term,Long-term
165.544411,468.6,1700.0,Long-term,Long-term
1354.623473,495.43,2000.0,Long-term,Long-term
28.054194,824.27,2500.0,Long-term,Long-term
1033.346718,0.0,1500.0,Mid-term,Mid-term
2144.040539,0.0,3500.0,Long-term,Long-term
4007.610043,83.0,10000.0,Long-term,Long-term
41.080375,280.0,9000.0,Long-term,Long-term
121.117428,968.64,3000.0,Long-term,Long-term
2004.914139,3628.29,11500.0,Long-term,Long-term
5815.890916,1245.33,7000.0,Long-term,Long-term
1232.345324,0.0,1700.0,Long-term,Long-term
4204.42117,74.99,4500.0,Long-term,Long-term
7595.24699,1422.12,10000.0,Long-term,Long-term
1236.018537,0.0,3000.0,Long-term,Mid-term
408.656365,941.64,2500.0,Long-term,Short-term
11.294184,155.0,1000.0,Short-term,Long-term
0.19009,267.0,4000.0,Long-term,Long-term
2549.128288,13771.63,14500.0,Long-term,Long-term
463.59969,811.11,500.0,Long-term,Long-term
3304.423662,0.0,7000.0,Long-term,Long-term
677.188172,3777.59,4000.0,Long-term,Long-term
8.34698,390.0,1500.0,Long-term,Long-term
2420.761135,0.0,3000.0,Long-term,Mid-term
32.182264,208.61,1000.0,Long-term,Long-term
21.357267,212.87,1000.0,Short-term,Long-term
475.675998,5421.73,10500.0,Long-term,Long-term
339.406259,14.28,10500.0,Long-term,Long-term
339.183041,139.5,1200.0,Long-term,Long-term
50.366106,507.57,6000.0,Long-term,Long-term
1708.506241,0.0,2000.0,Long-term,Long-term
40.479403,452.61,5000.0,Long-term,Long-term
1368.906278,0.0,6000.0,Long-term,Long-term
2101.04762,184.0,2500.0,Long-term,Long-term
1758.979585,1199.0,6750.0,Long-term,Long-term
488.340514,4908.93,7500.0,Long-term,Mid-term
8884.816576,1233.58,13000.0,Long-term,Long-term
1083.787792,110.0,1200.0,Long-term,Long-term
189.969435,2071.55,9000.0,Long-term,Long-term
190.056883,501.88,2000.0,Long-term,Long-term
304.945628,2788.81,4000.0,Long-term,Long-term
3012.642667,6999.56,3500.0,Long-term,Mid-term
246.864346,2995.55,6000.0,Long-term,Long-term
31.473181,220.5,3750.0,Long-term,Long-term
1798.042812,0.0,6300.0,Long-term,Mid-term
1275.142146,454.72,1500.0,Long-term,Long-term
1845.210833,0.0,4500.0,Long-term,Long-term
818.310935,1071.8,2500.0,Long-term,Long-term
38.316222,436.75,3000.0,Long-term,Long-term
2876.009336,152.61,4000.0,Short-term,Long-term
51.923357,835.31,7000.0,Mid-term,Long-term
75.012641,480.02,1950.0,Long-term,Long-term
37.980086,450.0,2700.0,Long-term,Long-term
847.013195,0.0,1200.0,Short-term,Long-term
8771.507851,1082.98,18500.0,Long-term,Long-term
1594.994317,667.0,2500.0,Mid-term,Long-term
9.630478,257.49,1500.0,Long-term,Long-term
5.529633,45.0,1000.0,Long-term,Long-term
41.479055,243.96,3000.0,Long-term,Long-term
1964.369476,0.0,3000.0,Long-term,Mid-term
540.157857,181.5,500.0,Long-term,Long-term
2792.534256,9661.37,8500.0,Long-term,Long-term
331.070135,81.2,500.0,Mid-term,Short-term
7789.190958,1307.39,8500.0,Long-term,Long-term
28.277795,394.8,1000.0,Mid-term,Long-term
660.397749,776.89,1500.0,Long-term,Long-term
939.152528,3393.25,9000.0,Long-term,Long-term
231.593057,2123.43,7500.0,Long-term,Long-term
46.000465,531.5,4000.0,Long-term,Long-term
1592.221829,616.95,2000.0,Long-term,Long-term
779.431874,721.78,1500.0,Long-term,Long-term
3457.086184,2448.6,1700.0,Long-term,Long-term
70.162707,599.0,1000.0,Long-term,Mid-term
4413.803457,0.0,5000.0,Long-term,Long-term
4021.881912,300.1,6000.0,Long-term,Long-term
1681.16287,1138.85,4500.0,Long-term,Long-term
502.653982,4748.5,12000.0,Long-term,Long-term
118.918332,1151.64,2000.0,Short-term,Mid-term
21.409828,149.71,1500.0,Long-term,Mid-term
5901.592192,1704.95,8000.0,Long-term,Long-term
268.797746,70.0,1000.0,Long-term,Short-term
210.870503,664.05,7500.0,Mid-term,Long-term
2380.291402,1433.2,7000.0,Long-term,Long-term
510.339352,509.55,2500.0,Long-term,Long-term
1139.691004,117.0,1200.0,Long-term,Long-term
3061.213971,1829.2,7000.0,Long-term,Long-term
2054.983361,1058.58,6000.0,Long-term,Long-term
2594.878719,160.0,9500.0,Long-term,Long-term
1540.879308,0.0,4000.0,Long-term,Long-term
1589.083369,0.0,2000.0,Short-term,Long-term
223.818492,1702.42,7300.0,Long-term,Long-term
784.627873,641.0,1800.0,Long-term,Long-term
1150.724569,797.27,6000.0,Long-term,Long-term
4709.342642,1614.27,7500.0,Long-term,Long-term
1281.936062,43.0,1500.0,Long-term,Long-term
158.878732,738.65,7500.0,Long-term,Long-term
0.327199,24.64,1800.0,Long-term,Long-term
7088.358802,0.0,7500.0,Long-term,Long-term
2662.629852,0.0,3000.0,Long-term,Long-term
3447.674222,205.0,10500.0,Long-term,Mid-term
14.04272,47.79,1200.0,Long-term,Mid-term
462.916347,270.97,10000.0,Long-term,Long-term
4424.767314,0.0,7000.0,Short-term,Long-term
8260.825897,3709.71,8500.0,Long-term,Long-term
1728.948802,148.0,6100.0,Long-term,Long-term
86.905609,1106.4,2500.0,Long-term,Long-term
328.242971,1555.66,3500.0,Long-term,Long-term
3025.373271,202.72,4500.0,Long-term,Long-term
28.497217,258.91,5000.0,Long-term,Long-term
1428.265873,1490.63,5250.0,Long-term,Long-term
7803.071972,1000.55,8000.0,Long-term,Long-term
97.064177,863.97,7000.0,Long-term,Long-term
344.532447,3603.0,6000.0,Long-term,Long-term
1441.679257,0.0,6500.0,Long-term,Mid-term
1642.024936,2094.38,4500.0,Long-term,Long-term
2945.285382,185.98,3000.0,Long-term,Long-term
99.643727,677.68,3000.0,Long-term,Long-term
27.694103,474.96,7500.0,Mid-term,Long-term
7899.171076,0.0,13000.0,Long-term,Long-term
1669.128355,0.0,1800.0,Long-term,Long-term
390.008261,0.0,2500.0,Long-term,Mid-term
11416.64736,1347.7,15500.0,Long-term,Long-term
538.768762,226.95,1200.0,Long-term,Mid-term
9753.114706,10199.63,15000.0,Long-term,Long-term
22.084372,173.6,1500.0,Short-term,Long-term
14.983682,280.0,300.0,Long-term,Mid-term
10116.70899,10166.69,14000.0,Long-term,Long-term
1007.440908,430.54,4000.0,Long-term,Long-term
1236.088709,0.0,2500.0,Long-term,Long-term
43.087983,133.0,3000.0,Short-term,Long-term
3037.476732,1225.79,5100.0,Long-term,Long-term
44.586199,413.7,2500.0,Long-term,Long-term
1961.322415,476.16,2000.0,Long-term,Long-term
498.355964,2434.7,4500.0,Long-term,Long-term
5643.992345,6141.58,13000.0,Long-term,Long-term
858.857651,1013.61,2500.0,Long-term,Long-term
9261.310686,0.0,11000.0,Long-term,Long-term
972.283554,0.0,6000.0,Long-term,Long-term
1064.037564,55.52,4000.0,Mid-term,Long-term
18.908241,126.0,1000.0,Long-term,Mid-term
2589.824766,0.0,3000.0,Long-term,Long-term
1587.706693,450.0,1800.0,Long-term,Long-term
4418.554352,960.0,4500.0,Long-term,Long-term
40.089221,225.0,1500.0,Long-term,Long-term
5658.938986,111.54,6500.0,Long-term,Long-term
2772.772734,0.0,3000.0,Long-term,Long-term
1022.71734,120.09,2500.0,Long-term,Long-term
1727.638449,606.11,11000.0,Long-term,Long-term
1189.934589,0.0,3000.0,Long-term,Long-term
1403.574083,1831.57,8000.0,Long-term,Long-term
811.564879,558.08,8500.0,Long-term,Long-term
117.324773,1101.0,7500.0,Long-term,Long-term
1251.26572,494.04,1000.0,Long-term,Mid-term
1057.585071,1008.3,1200.0,Long-term,Mid-term
2545.706139,2443.2,6000.0,Long-term,Long-term
592.466798,5629.41,6000.0,Long-term,Long-term
26.96054,157.45,1000.0,Long-term,Mid-term
1455.180323,81.1,1800.0,Long-term,Mid-term
4037.305658,45.0,4500.0,Long-term,Long-term
75.039332,588.05,9000.0,Long-term,Long-term
5911.506531,0.0,8000.0,Mid-term,Long-term
51.08934,140.75,1000.0,Long-term,Short-term
1817.618232,623.19,2800.0,Long-term,Long-term
3891.346976,3629.8,7500.0,Long-term,Long-term
900.482738,0.0,1000.0,Long-term,Long-term
2342.724406,0.0,8000.0,Long-term,Long-term
22.493402,291.28,1000.0,Long-term,Long-term
206.305547,1594.0,4500.0,Long-term,Long-term
45.295495,451.01,7500.0,Long-term,Long-term
11.4334,250.0,1800.0,Long-term,Long-term
1355.179528,0.0,1500.0,Long-term,Long-term
448.808529,0.0,4000.0,Long-term,Long-term
4802.507595,0.0,5000.0,Long-term,Long-term
447.808002,1593.29,7000.0,Long-term,Long-term
5239.120768,1823.23,5750.0,Long-term,Long-term
676.771001,356.8,1200.0,Long-term,Long-term
65.645186,735.69,3000.0,Long-term,Short-term
1777.440238,78.47,8500.0,Long-term,Long-term
121.671833,540.0,1800.0,Long-term,Long-term
409.38122,3197.42,6000.0,Long-term,Long-term
46.773238,2166.56,3000.0,Long-term,Long-term
13.457564,0.0,500.0,Short-term,Long-term
2784.364948,1178.31,8500.0,Long-term,Long-term
14.58126,87.3,8000.0,Long-term,Long-term
1307.717841,405.6,2400.0,Long-term,Long-term
341.467517,3446.96,10500.0,Long-term,Long-term
1613.502125,65.6,5000.0,Mid-term,Long-term
1519.317855,0.0,2000.0,Long-term,Long-term
2728.076143,155.32,4500.0,Long-term,Long-term
912.912728,0.0,1500.0,Short-term,Short-term
592.416944,6228.01,4500.0,Long-term,Long-term
2158.754686,0.0,9000.0,Long-term,Mid-term
766.261051,1462.73,6000.0,Long-term,Long-term
153.027262,1455.78,1500.0,Long-term,Mid-term
43.405954,520.65,2000.0,Long-term,Long-term
1268.352178,1533.28,1200.0,Long-term,Long-term
6937.806466,339.75,10500.0,Long-term,Long-term
3559.634883,7654.81,7000.0,Long-term,Long-term
1168.844004,1310.31,3500.0,Long-term,Long-term
1034.555485,5787.66,2700.0,Long-term,Long-term
4070.500764,710.8,4900.0,Short-term,Long-term
284.510677,83.2,6500.0,Long-term,Long-term
42.366061,463.32,6500.0,Long-term,Long-term
2153.498372,5428.77,12500.0,Long-term,Long-term
13763.47358,9670.84,17500.0,Long-term,Long-term
1470.825974,220.7,3000.0,Long-term,Long-term
8.80954,114.0,4000.0,Long-term,Long-term
4047.480828,2380.55,5000.0,Long-term,Long-term
24.719209,280.04,2500.0,Long-term,Long-term
61.644247,490.6,18000.0,Long-term,Long-term
3577.970933,398.64,4000.0,Long-term,Long-term
1248.332959,478.32,4000.0,Long-term,Long-term
22.187914,0.0,3000.0,Long-term,Long-term
2843.394382,0.0,6000.0,Long-term,Long-term
12.886661,1437.15,2700.0,Long-term,Long-term
2786.494499,0.0,8000.0,Long-term,Mid-term
237.198442,1166.68,3500.0,Long-term,Long-term
477.903003,566.12,1500.0,Long-term,Long-term
2105.898309,0.0,2250.0,Long-term,Long-term
886.65747,1440.48,1800.0,Long-term,Long-term
1241.025652,0.0,1800.0,Long-term,Long-term
1818.447016,413.0,2000.0,Long-term,Long-term
11.250371,141.12,5000.0,Long-term,Long-term
39.761286,2858.26,7500.0,Long-term,Long-term
1793.970596,1004.9,2500.0,Long-term,Long-term
5941.847384,0.0,7000.0,Long-term,Long-term
2270.429964,8257.26,13000.0,Long-term,Long-term
2779.833422,0.0,3000.0,Long-term,Long-term
100.212638,639.29,1500.0,Mid-term,Long-term
47.193664,132.0,2500.0,Long-term,Long-term
935.042217,1000.0,1200.0,Long-term,Long-term
21.311946,3618.19,15000.0,Long-term,Long-term
5619.157028,2790.76,14000.0,Long-term,Long-term
1267.054186,0.0,1500.0,Long-term,Long-term
1364.528932,0.01,3000.0,Long-term,Long-term
1110.575152,3384.68,6000.0,Long-term,Long-term
1897.672025,422.18,5500.0,Long-term,Long-term
915.981419,2037.24,3500.0,Long-term,Long-term
512.058666,921.2,5500.0,Long-term,Long-term
52.0899,230.15,1600.0,Long-term,Long-term
275.240429,0.0,700.0,Long-term,Long-term
2852.354665,424.84,3000.0,Long-term,Long-term
1488.628126,0.0,3000.0,Long-term,Long-term
14.593148,158.7,5200.0,Long-term,Long-term
250.258381,486.94,4500.0,Long-term,Long-term
640.595851,2496.57,3000.0,Long-term,Long-term
494.045664,583.2,2000.0,Long-term,Long-term
242.53001,3520.0,650.0,Long-term,Long-term
5757.919072,5544.45,7000.0,Long-term,Long-term
1474.990634,4469.59,4000.0,Long-term,Long-term
364.726077,0.0,500.0,Mid-term,Long-term
1502.926021,2635.9,4500.0,Long-term,Long-term
1705.435895,0.0,4000.0,Short-term,Mid-term
331.586253,3703.36,7500.0,Long-term,Long-term
1311.952719,2092.0,5181.818182,Long-term,Long-term
7057.524237,2761.76,7000.0,Long-term,Long-term
1117.594403,291.62,2000.0,Short-term,Long-term
765.66511,0.0,3000.0,Long-term,Long-term
7.980453,0.0,9500.0,Long-term,Long-term
5538.646971,460.57,9500.0,Long-term,Long-term
76.483078,69.0,4500.0,Long-term,Long-term
982.165343,435.72,2300.0,Long-term,Long-term
670.885072,341.9,4000.0,Long-term,Long-term
1531.486784,956.56,4000.0,Long-term,Long-term
361.319366,3095.96,14000.0,Long-term,Long-term
10.785694,384.4,1500.0,Mid-term,Long-term
57.116811,27.79,4500.0,Long-term,Long-term
871.35543,174.93,3000.0,Long-term,Mid-term
102.011668,799.0,1000.0,Mid-term,Mid-term
5523.175617,0.0,6500.0,Mid-term,Long-term
0.0,10.89,4000.0,Long-term,Long-term
198.951791,0.0,2500.0,Mid-term,Long-term
19.846569,0.0,1200.0,Short-term,Long-term
1329.826951,1304.96,7500.0,Long-term,Long-term
606.246031,3876.0,6500.0,Long-term,Long-term
1963.698617,1582.88,2500.0,Long-term,Long-term
1664.334555,862.95,1900.0,Long-term,Long-term
1044.273707,1463.84,6700.0,Long-term,Long-term
1207.320442,359.0,3000.0,Mid-term,Long-term
287.565501,472.32,1000.0,Long-term,Long-term
7.833571,92.24,1500.0,Long-term,Long-term
683.391465,0.0,3000.0,Long-term,Long-term
1690.352634,0.0,3500.0,Long-term,Long-term
1541.743608,0.0,1600.0,Long-term,Long-term
1683.116573,98.0,1800.0,Long-term,Long-term
3800.151377,4248.35,9000.0,Long-term,Long-term
30.287602,0.0,1000.0,Long-term,Long-term
212.306148,0.7,3500.0,Long-term,Long-term
3626.196814,475.36,8500.0,Long-term,Long-term
62.082275,791.68,4500.0,Long-term,Long-term
733.988674,83.47,9000.0,Long-term,Long-term
321.606195,2476.3,2000.0,Long-term,Long-term
1301.813081,0.0,1400.0,Long-term,Long-term
1772.323491,574.14,7500.0,Long-term,Long-term
33.114269,974.96,6000.0,Long-term,Long-term
1608.490095,91.0,3000.0,Long-term,Long-term
992.615052,162.28,1000.0,Long-term,Long-term
3123.339488,11202.09,7500.0,Long-term,Long-term
2724.685011,0.0,3000.0,Long-term,Long-term
107.944741,118.16,2500.0,Mid-term,Long-term
686.623746,422.21,1000.0,Short-term,Long-term
2620.873322,450.0,3000.0,Long-term,Long-term
1114.506863,602.07,1800.0,Long-term,Long-term
2791.652315,0.0,3000.0,Long-term,Long-term
2061.27937,0.0,4500.0,Long-term,Long-term
25.576426,225.0,2700.0,Long-term,Long-term
5824.000984,1501.08,8500.0,Long-term,Long-term
15.813502,120.88,5000.0,Long-term,Long-term
125.660453,636.79,1200.0,Long-term,Long-term
1116.44317,0.0,1200.0,Long-term,Long-term
4931.331857,901.42,12000.0,Mid-term,Long-term
0.275257,0.0,1200.0,Mid-term,Short-term
6671.450524,369.52,7500.0,Long-term,Long-term
106.894095,62.73,5000.0,Long-term,Long-term
35.550618,458.15,1000.0,Long-term,Long-term
3214.579198,0.0,4000.0,Long-term,Long-term
1199.942209,1447.01,2400.0,Long-term,Long-term
467.244925,4001.7,16000.0,Long-term,Long-term
122.124272,1052.96,3000.0,Long-term,Long-term
13.792103,600.0,4500.0,Long-term,Long-term
3776.150532,0.0,6000.0,Long-term,Long-term
87.802127,803.95,1000.0,Long-term,Long-term
1144.128891,1373.27,4000.0,Long-term,Long-term
5.020473,100.05,4000.0,Long-term,Long-term
478.787453,780.38,1500.0,Long-term,Long-term
8.061012,133.0,3000.0,Long-term,Long-term
906.573724,1039.2,13500.0,Long-term,Long-term
1238.932482,280.09,1500.0,Long-term,Long-term
168.522709,2009.05,1200.0,Long-term,Long-term
227.636073,3050.64,8000.0,Long-term,Long-term
2766.561266,1469.05,3000.0,Long-term,Long-term
4046.574741,1757.44,4500.0,Long-term,Long-term
478.520473,768.96,5000.0,Long-term,Long-term
1243.250958,1680.0,4500.0,Long-term,Long-term
460.081479,649.5,1000.0,Short-term,Mid-term
8.68618,55.72,1500.0,Long-term,Long-term
4779.786334,1470.24,7000.0,Long-term,Long-term
719.427666,734.4,1000.0,Long-term,Short-term
11547.52001,49039.57,22500.0,Long-term,Long-term
1190.800122,1864.79,3000.0,Long-term,Long-term
12.683677,31.68,4000.0,Long-term,Long-term
41.089489,519.0,2500.0,Long-term,Long-term
7611.152584,3707.79,12000.0,Long-term,Long-term
0.0,180.66,2700.0,Long-term,Long-term
2525.425787,0.0,3000.0,Long-term,Mid-term
22.728166,262.5,3500.0,Long-term,Long-term
969.583332,0.0,2500.0,Long-term,Long-term
1915.245632,39.0,1950.0,Long-term,Long-term
793.167009,433.31,1000.0,Short-term,Long-term
13.44199,56.51,1000.0,Long-term,Long-term
1212.812748,397.44,2000.0,Long-term,Long-term
5115.712849,4378.8,10000.0,Long-term,Long-term
902.491328,0.0,1800.0,Long-term,Long-term
12.784443,94.71,1500.0,Mid-term,Long-term
2990.370585,1368.0,8000.0,Long-term,Long-term
1218.208868,0.0,2500.0,Long-term,Long-term
1128.124563,924.6,1000.0,Long-term,Long-term
1696.465412,219.07,1800.0,Long-term,Long-term
13.125634,106.98,2500.0,Long-term,Long-term
5570.18253,0.0,6000.0,Long-term,Long-term
28.59068,367.44,5700.0,Long-term,Long-term
624.717922,0.0,1200.0,Short-term,Long-term
1372.486104,3005.25,3000.0,Long-term,Long-term
1782.997768,0.0,10000.0,Long-term,Short-term
32.228288,73.45,4000.0,Long-term,Long-term
465.003141,500.0,1000.0,Mid-term,Long-term
1207.886609,143.0,3000.0,Long-term,Long-term
327.445978,4305.05,9500.0,Long-term,Long-term
4659.388091,1754.19,9500.0,Long-term,Long-term
4223.867789,2514.74,5500.0,Short-term,Long-term
2133.901379,303.03,3000.0,Long-term,Long-term
1075.825135,32.0,9000.0,Long-term,Long-term
300.11949,2811.86,800.0,Long-term,Long-term
599.116168,947.07,3000.0,Long-term,Long-term
1487.657507,4115.98,5000.0,Long-term,Long-term
1.869435,0.24,3000.0,Long-term,Long-term
5967.47527,214.55,9000.0,Short-term,Long-term
2898.484109,0.0,3000.0,Long-term,Short-term
817.793943,478.28,2400.0,Long-term,Long-term
6416.448101,0.0,7500.0,Long-term,Long-term
380.351858,1216.21,3000.0,Long-term,Long-term
996.223227,0.0,8000.0,Long-term,Short-term
56.720267,260.0,5500.0,Long-term,Long-term
1133.572488,4063.49,1600.0,Long-term,Long-term
64.677565,363.71,6000.0,Long-term,Long-term
36.567901,1098.31,4800.0,Long-term,Long-term
31.111548,110.0,8000.0,Long-term,Long-term
72.02566,222.6,7500.0,Long-term,Long-term
3.229304,190.2,1500.0,Long-term,Long-term
38.068219,799.92,2500.0,Long-term,Long-term
56.13816,555.1,2700.0,Long-term,Long-term
72.76697,0.0,2500.0,Long-term,Long-term
528.095171,868.74,600.0,Mid-term,Long-term
85.79793,931.98,7500.0,Long-term,Long-term
5686.466725,177.35,8000.0,Long-term,Long-term
1115.208504,30.0,1500.0,Long-term,Long-term
2640.820976,1167.86,8000.0,Mid-term,Long-term
0.0,63.3,2700.0,Long-term,Short-term
784.959164,0.0,3500.0,Long-term,Long-term
9601.071318,238.34,15000.0,Short-term,Long-term
5805.32079,1724.75,7500.0,Long-term,Long-term
379.198083,40.0,2900.0,Long-term,Long-term
25.383911,401.16,2500.0,Long-term,Long-term
267.88449,129.0,12000.0,Long-term,Long-term
2705.591995,818.02,3000.0,Long-term,Long-term
2136.215769,1846.03,4500.0,Long-term,Long-term
352.58799,281.81,1600.0,Long-term,Long-term
342.76107,20.0,500.0,Long-term,Long-term
972.604156,0.0,1200.0,Long-term,Long-term
2666.147576,0.0,3000.0,Long-term,Long-term
4837.835705,1283.4,4500.0,Long-term,Long-term
62.440728,709.01,2000.0,Long-term,Long-term
311.987575,684.24,1000.0,Long-term,Long-term
445.409094,307.11,1500.0,Long-term,Long-term
3790.914663,2655.68,8300.0,Long-term,Long-term
4587.892398,140.6,5500.0,Long-term,Long-term
3270.441222,848.0,4500.0,Long-term,Long-term
254.260019,2184.72,4000.0,Long-term,Long-term
2064.106212,0.0,3000.0,Long-term,Short-term
997.98763,952.29,1200.0,Long-term,Long-term
305.72029,1125.8,3000.0,Long-term,Long-term
1021.334556,300.0,1000.0,Long-term,Long-term
705.232653,1902.4,900.0,Long-term,Long-term
1450.599152,2763.84,2000.0,Short-term,Mid-term
1262.645703,329.9,1800.0,Long-term,Long-term
2241.092286,1260.0,6000.0,Long-term,Long-term
607.20006,549.08,4500.0,Long-term,Long-term
8647.057641,0.0,10000.0,Long-term,Long-term
1663.967468,0.0,2500.0,Long-term,Short-term
4146.601225,521.32,5000.0,Long-term,Long-term
2091.582046,179.23,6000.0,Long-term,Long-term
1478.089943,245.01,2500.0,Mid-term,Long-term
1894.11023,678.0,2000.0,Long-term,Long-term
4408.966613,505.79,5000.0,Long-term,Long-term
1609.514614,0.0,1700.0,Long-term,Long-term
23.276656,796.56,4000.0,Long-term,Long-term
4626.278301,0.0,5000.0,Short-term,Long-term
1016.52185,44.0,1200.0,Long-term,Short-term
42.577756,4061.96,500.0,Long-term,Long-term
1167.254965,499.92,1200.0,Long-term,Long-term
5347.377116,0.0,10500.0,Long-term,Long-term
2.892853,52.68,500.0,Long-term,Long-term
1509.525178,0.0,3500.0,Long-term,Long-term
2229.857287,45.65,2500.0,Long-term,Long-term
1268.809031,17945.0,18000.0,Long-term,Long-term
1747.359784,0.0,1800.0,Long-term,Long-term
8161.84873,5519.0,9000.0,Long-term,Long-term
1044.704008,1142.6,5000.0,Long-term,Long-term
140.349336,1042.52,6000.0,Long-term,Long-term
71.431411,2068.41,2500.0,Long-term,Long-term
5030.927831,99.0,6000.0,Long-term,Long-term
174.228543,3407.57,3000.0,Long-term,Long-term
267.401555,156.6,1000.0,Long-term,Long-term
90.582466,809.79,2700.0,Long-term,Long-term
161.576879,194.0,5000.0,Long-term,Long-term
653.004882,2035.29,9500.0,Long-term,Long-term
3157.715309,548.79,3500.0,Long-term,Long-term
177.551278,66.25,2500.0,Long-term,Long-term
33.535261,319.98,1000.0,Short-term,Long-term
3912.344717,2080.66,6000.0,Long-term,Long-term
3012.178613,27790.42,12000.0,Long-term,Long-term
933.928303,0.0,2000.0,Long-term,Long-term
162.905422,1600.0,6000.0,Long-term,Long-term
23.394411,1346.28,2000.0,Long-term,Long-term
0.478714,734.97,6000.0,Long-term,Long-term
5829.92767,0.0,6500.0,Long-term,Long-term
1670.928797,794.52,1750.0,Long-term,Long-term
967.177679,208.4,1000.0,Long-term,Long-term
525.3186,1604.97,1000.0,Mid-term,Long-term
114.361988,2141.32,6500.0,Long-term,Long-term
1157.568538,329.0,2500.0,Long-term,Short-term
1455.736956,1171.88,3700.0,Long-term,Long-term
776.585568,773.36,3000.0,Long-term,Long-term
2112.63873,0.0,3500.0,Long-term,Long-term
409.194212,1213.23,6000.0,Long-term,Long-term
2324.086254,0.0,2300.0,Long-term,Long-term
1601.692049,61.46,4000.0,Long-term,Long-term
1003.774921,161.27,1200.0,Long-term,Long-term
268.82613,0.0,6000.0,Long-term,Long-term
1243.68657,221.72,1700.0,Long-term,Long-term
3092.189629,60.82,3500.0,Long-term,Long-term
223.772475,3654.08,2500.0,Long-term,Long-term
366.084233,1167.39,2500.0,Long-term,Long-term
72.251911,665.5,4000.0,Long-term,Long-term
5376.083101,0.0,5500.0,Long-term,Long-term
1087.574994,0.0,1200.0,Long-term,Long-term
1014.926473,861.49,7000.0,Long-term,Long-term
189.98582,369.0,2500.0,Short-term,Long-term
0.0,0.0,3000.0,Short-term,Long-term
1088.996599,0.0,2500.0,Mid-term,Mid-term
50.006512,701.25,3500.0,Long-term,Long-term
1194.885664,365.5,1200.0,Long-term,Long-term
19.945714,170.0,6500.0,Long-term,Long-term
6.824905,0.0,1200.0,Long-term,Mid-term
330.707721,56.4,4000.0,Long-term,Long-term
1162.273324,1347.71,6000.0,Long-term,Long-term
5259.14039,2659.35,6000.0,Mid-term,Long-term
3414.977831,2219.55,5000.0,Long-term,Long-term
1984.636464,0.0,5000.0,Mid-term,Long-term
3473.463277,1182.95,6000.0,Long-term,Mid-term
2089.451704,1256.49,2500.0,Long-term,Long-term
815.427615,1936.01,2000.0,Long-term,Mid-term
2269.978054,0.0,3500.0,Long-term,Short-term
309.150506,3157.86,7000.0,Long-term,Long-term
132.471933,1767.75,6000.0,Long-term,Long-term
6887.915143,4340.42,11500.0,Long-term,Long-term
1409.206763,143.5,3000.0,Long-term,Long-term
50.004286,341.14,3000.0,Long-term,Long-term
2257.542109,0.0,3000.0,Long-term,Long-term
1597.521193,211.07,5000.0,Long-term,Mid-term
1268.144319,0.0,1500.0,Short-term,Long-term
136.839366,1133.54,16500.0,Long-term,Long-term
1635.964498,0.0,1700.0,Long-term,Long-term
48.578408,673.1,6000.0,Long-term,Long-term
3258.237364,921.12,6200.0,Long-term,Long-term
6.149295,169.01,10000.0,Long-term,Long-term
798.693995,0.0,3000.0,Long-term,Long-term
1589.41431,118.79,4000.0,Long-term,Long-term
4478.312669,2461.9,5000.0,Long-term,Long-term
11654.55492,463.0,12500.0,Long-term,Long-term
4060.966003,823.1,11500.0,Long-term,Long-term
670.425221,349.0,1950.0,Long-term,Long-term
15.307062,71.52,1500.0,Short-term,Short-term
1485.081634,48.22,1700.0,Long-term,Long-term
1906.703614,780.0,3000.0,Long-term,Long-term
4408.242337,324.3,7000.0,Long-term,Short-term
47.162463,1276.72,6000.0,Long-term,Long-term
241.097264,790.6,1500.0,Long-term,Long-term
2478.086158,531.48,7000.0,Long-term,Long-term
5344.347568,270.02,6000.0,Long-term,Long-term
1361.815512,1309.72,1700.0,Long-term,Long-term
1062.485488,0.0,6500.0,Long-term,Long-term
815.832195,211.22,3500.0,Mid-term,Long-term
70.457831,1146.59,4500.0,Long-term,Long-term
7593.590618,0.0,8000.0,Long-term,Long-term
316.095114,89.96,4700.0,Long-term,Long-term
3409.130731,0.0,6000.0,Long-term,Long-term
3405.005439,8.4,10500.0,Long-term,Long-term
54.055548,548.02,4000.0,Long-term,Long-term
339.039307,345.66,1000.0,Long-term,Short-term
18.218714,89.0,4000.0,Long-term,Long-term
2347.486095,0.0,2950.0,Short-term,Long-term
56.536572,499.92,3000.0,Long-term,Long-term
62.996845,779.7,9000.0,Long-term,Long-term
4550.717687,2094.99,7600.0,Long-term,Long-term
1787.535327,0.0,7500.0,Long-term,Mid-term
4458.055159,0.0,7500.0,Long-term,Long-term
408.732898,0.0,5000.0,Long-term,Long-term
1394.445085,0.0,1600.0,Long-term,Long-term
5790.930626,464.51,6000.0,Long-term,Long-term
705.645246,1325.21,3000.0,Long-term,Mid-term
7337.853622,0.0,9000.0,Long-term,Mid-term
117.344883,661.3,1200.0,Mid-term,Long-term
229.878735,0.0,3000.0,Long-term,Long-term
6644.82923,0.0,7600.0,Long-term,Long-term
76.059828,927.1,1500.0,Long-term,Long-term
2046.727519,1369.72,2500.0,Long-term,Long-term
1380.728565,0.0,1500.0,Long-term,Long-term
1451.584485,1216.58,4000.0,Long-term,Long-term
980.034696,275.0,1000.0,Long-term,Long-term
3711.955487,1241.4,11000.0,Long-term,Long-term
2382.49454,0.0,3000.0,Long-term,Long-term
87.026009,605.52,1500.0,Long-term,Mid-term
3830.916541,4065.66,5000.0,Long-term,Long-term
1946.447038,411.38,2500.0,Long-term,Long-term
7.4726,63.4,500.0,Mid-term,Long-term
626.359675,2102.13,1000.0,Long-term,Long-term
18.354425,256.5,2000.0,Mid-term,Long-term
1241.882057,94.0,1400.0,Long-term,Long-term
541.61305,554.79,7000.0,Long-term,Long-term
79.470417,601.84,7500.0,Long-term,Long-term
142.637508,1650.0,1000.0,Long-term,Long-term
1340.551352,427.96,1500.0,Long-term,Long-term
1553.505165,522.0,1000.0,Long-term,Long-term
504.248851,472.09,1000.0,Long-term,Long-term
116.172752,0.0,3000.0,Mid-term,Long-term
677.778395,0.0,1500.0,Mid-term,Short-term
101.564003,418.59,1000.0,Short-term,Long-term
4.908888,133.16,6500.0,Long-term,Long-term
752.26105,4019.86,3000.0,Long-term,Long-term
853.34928,3209.14,10000.0,Mid-term,Short-term
1278.671515,229.0,1600.0,Long-term,Long-term
8.077527,125.0,1500.0,Long-term,Long-term
218.280031,939.14,5000.0,Long-term,Long-term
5975.063353,345.3,6500.0,Long-term,Long-term
3646.04461,0.0,8000.0,Long-term,Long-term
3122.171879,974.3,3000.0,Long-term,Long-term
244.653051,1181.03,4500.0,Long-term,Long-term
736.724142,421.96,1000.0,Long-term,Mid-term
424.994385,1200.0,1200.0,Mid-term,Long-term
2304.470294,1201.97,3000.0,Long-term,Long-term
39.37618,256.5,1200.0,Long-term,Long-term
1038.573059,1023.76,1600.0,Long-term,Long-term
1522.680962,0.0,6500.0,Long-term,Long-term
282.070933,1926.19,7000.0,Long-term,Long-term
1377.812538,14300.98,18000.0,Long-term,Long-term
978.567283,1401.54,4500.0,Long-term,Long-term
971.723256,1853.7,3500.0,Long-term,Mid-term
2172.893325,416.74,3000.0,Long-term,Long-term
1418.854925,0.0,1500.0,Long-term,Long-term
634.825209,1478.36,1200.0,Long-term,Long-term
2508.405988,875.05,2600.0,Long-term,Long-term
202.681879,312.5,500.0,Long-term,Long-term
213.233979,2140.96,2500.0,Long-term,Long-term
18.957284,187.25,3000.0,Long-term,Long-term
613.259699,0.0,700.0,Long-term,Long-term
77.684147,431.28,1000.0,Mid-term,Long-term
14.869439,391.68,1500.0,Long-term,Long-term
179.357206,497.15,1200.0,Long-term,Short-term
10.05473,530.0,1000.0,Long-term,Long-term
1610.489628,0.0,2000.0,Long-term,Long-term
844.230511,615.0,1500.0,Long-term,Mid-term
82.470475,282.75,1000.0,Long-term,Short-term
894.357857,1164.0,2000.0,Long-term,Long-term
3193.320102,1887.25,10500.0,Long-term,Long-term
110.913143,2339.3,500.0,Long-term,Long-term
120.220573,1348.08,12000.0,Long-term,Long-term
2136.814161,0.0,6000.0,Long-term,Long-term
794.661653,329.96,2000.0,Long-term,Long-term
1753.27998,245.85,1800.0,Long-term,Long-term
473.840442,0.0,3000.0,Long-term,Long-term
111.449845,1389.94,1300.0,Long-term,Long-term
2822.483318,1203.05,8500.0,Long-term,Long-term
1443.146299,235.4,1800.0,Long-term,Long-term
395.052994,1239.46,1500.0,Long-term,Long-term
1179.878115,0.0,1200.0,Long-term,Long-term
109.681353,2118.66,3000.0,Long-term,Long-term
216.64893,4606.71,2000.0,Mid-term,Long-term
1510.111755,1895.25,9000.0,Long-term,Long-term
3177.232656,5877.73,6000.0,Long-term,Long-term
4069.525304,259.84,7500.0,Long-term,Long-term
133.797452,2460.0,2500.0,Long-term,Long-term
2669.160638,0.0,3000.0,Long-term,Long-term
108.857699,3224.34,1500.0,Long-term,Long-term
234.544023,2453.46,6500.0,Long-term,Long-term
5236.290986,1780.79,17000.0,Long-term,Long-term
2133.665075,320.0,2500.0,Mid-term,Long-term
852.001697,372.36,4000.0,Long-term,Long-term
1369.969909,1770.0,1800.0,Long-term,Long-term
1274.851959,1798.24,1500.0,Long-term,Long-term
294.338354,1851.48,1400.0,Long-term,Long-term
3222.221884,356.4,3500.0,Long-term,Long-term
1919.443036,0.0,5500.0,Long-term,Long-term
1667.146414,4343.82,7500.0,Long-term,Long-term
245.199649,2241.84,6000.0,Long-term,Long-term
1268.584315,1835.93,1200.0,Long-term,Long-term
4805.164203,0.0,8500.0,Long-term,Long-term
1157.005745,0.0,1200.0,Long-term,Long-term
44.505527,401.76,1500.0,Long-term,Long-term
0.41367,1187.42,6000.0,Long-term,Long-term
1880.817982,0.0,2500.0,Short-term,Long-term
1299.904896,0.0,2500.0,Mid-term,Mid-term
1494.221853,356.62,1600.0,Long-term,Long-term
123.396703,0.0,7000.0,Long-term,Long-term
1132.615315,136.19,5100.0,Long-term,Long-term
24.976709,720.6,9000.0,Long-term,Mid-term
26.787185,114.0,1200.0,Long-term,Short-term
4345.879999,0.0,5000.0,Long-term,Long-term
7764.210895,90.0,11150.0,Long-term,Long-term
84.783684,203.6,1500.0,Long-term,Long-term
106.752843,865.27,2000.0,Long-term,Long-term
7638.382236,0.0,15500.0,Long-term,Long-term
1118.086877,128.8,1200.0,Long-term,Long-term
13.962944,136.92,1000.0,Long-term,Long-term
8.820992,91.46,1500.0,Mid-term,Long-term
4663.039011,3908.26,9000.0,Long-term,Long-term
432.058764,817.62,5100.0,Long-term,Long-term
4393.185874,0.0,8000.0,Long-term,Long-term
2331.38017,1919.66,6000.0,Long-term,Long-term
180.32895,810.6,2500.0,Long-term,Long-term
3616.993845,0.0,5500.0,Mid-term,Long-term
1189.665497,0.0,1500.0,Long-term,Long-term
1594.328636,0.0,3000.0,Long-term,Long-term
521.38404,0.0,1150.0,Long-term,Long-term
1377.40225,180.0,1500.0,Short-term,Long-term
3024.642476,0.0,8000.0,Long-term,Long-term
21.494012,417.0,5000.0,Long-term,Long-term
1437.895562,350.0,4000.0,Long-term,Mid-term
3695.634133,0.0,4000.0,Long-term,Long-term
6.576315,74.49,4000.0,Long-term,Long-term
112.01654,825.0,3000.0,Long-term,Long-term
1141.905542,8.4,1200.0,Long-term,Long-term
48.161019,318.05,1200.0,Mid-term,Long-term
514.17242,45.65,1000.0,Long-term,Long-term
1648.701838,740.7,2500.0,Long-term,Long-term
1360.795674,0.0,1500.0,Long-term,Long-term
368.687038,0.0,2000.0,Long-term,Long-term
395.722912,1837.15,2000.0,Long-term,Long-term
1930.738051,0.0,2500.0,Mid-term,Long-term
5097.916969,139.67,6000.0,Long-term,Mid-term
1453.608861,4656.79,11500.0,Long-term,Long-term
9303.557117,6133.01,12500.0,Long-term,Long-term
2865.386926,0.0,6500.0,Long-term,Long-term
6629.045062,0.0,8000.0,Long-term,Long-term
2454.610005,1635.69,3000.0,Long-term,Long-term
2071.736764,0.0,2100.0,Long-term,Long-term
256.182628,111.39,10000.0,Long-term,Long-term
140.715619,1562.4,2500.0,Mid-term,Long-term
2935.397877,0.0,3000.0,Long-term,Mid-term
2470.787327,0.0,4000.0,Long-term,Short-term
581.916416,5723.9,7500.0,Long-term,Long-term
3732.224017,0.0,4500.0,Long-term,Long-term
5482.204366,0.0,9000.0,Long-term,Long-term
856.619236,0.0,900.0,Mid-term,Mid-term
602.210858,965.0,1200.0,Long-term,Long-term
950.31308,1022.84,1500.0,Long-term,Long-term
63.928065,183.6,1500.0,Long-term,Long-term
150.071799,1800.0,5000.0,Long-term,Long-term
31.475251,479.96,2500.0,Long-term,Long-term
62.287137,1263.29,9500.0,Long-term,Long-term
1845.623354,480.9,3000.0,Long-term,Long-term
110.400892,486.72,1000.0,Long-term,Short-term
228.025747,2159.68,3000.0,Long-term,Long-term
1560.533094,749.57,6000.0,Mid-term,Long-term
2932.111796,346.32,6000.0,Long-term,Long-term
3774.277331,0.0,9000.0,Mid-term,Long-term
306.115129,0.0,1200.0,Long-term,Long-term
5825.470945,633.11,6700.0,Long-term,Long-term
1264.152747,2358.28,2500.0,Long-term,Long-term
2162.267501,151.13,2500.0,Long-term,Mid-term
10929.05958,675.89,12000.0,Long-term,Long-term
226.34624,2206.74,10000.0,Long-term,Long-term
7.331662,90.66,3000.0,Long-term,Long-term
1106.815562,0.0,1200.0,Long-term,Long-term
1884.252524,1358.88,1200.0,Long-term,Long-term
1409.256223,4569.65,30000.0,Mid-term,Long-term
1227.548135,322.0,1000.0,Long-term,Long-term
4025.646358,0.0,5650.0,Long-term,Long-term
1525.063274,150.0,1800.0,Long-term,Long-term
391.755763,575.72,10500.0,Long-term,Long-term
477.847191,1006.0,500.0,Long-term,Long-term
1458.219714,701.52,1500.0,Long-term,Long-term
2469.665655,963.13,7000.0,Long-term,Long-term
9612.21512,319.92,12000.0,Long-term,Long-term
870.774939,169.03,5000.0,Long-term,Long-term
196.967268,1915.07,7500.0,Long-term,Long-term
2567.090886,1875.54,3900.0,Long-term,Long-term
14.480094,134.6,3000.0,Short-term,Long-term
7755.698607,8533.54,10000.0,Short-term,Long-term
443.558578,26.09,1200.0,Long-term,Short-term
6.390383,79.66,1500.0,Long-term,Mid-term
51.818382,903.36,15000.0,Long-term,Long-term
992.599867,100.0,1200.0,Long-term,Long-term
5926.922151,2325.75,13000.0,Long-term,Long-term
533.512148,2243.99,7000.0,Long-term,Mid-term
9.113909,106.56,3000.0,Long-term,Long-term
5698.539876,47.55,6000.0,Long-term,Long-term
1112.070216,179.24,4000.0,Long-term,Long-term
1135.629139,398.64,1500.0,Long-term,Long-term
745.774052,0.0,5000.0,Long-term,Long-term
139.396168,290.0,1000.0,Long-term,Long-term
49.378783,542.34,2700.0,Mid-term,Mid-term
87.442862,786.32,7500.0,Long-term,Long-term
740.704213,1311.76,3500.0,Long-term,Long-term
31.050921,446.05,1000.0,Long-term,Long-term
1096.517209,0.0,2000.0,Short-term,Long-term
4229.914629,1631.85,10000.0,Long-term,Long-term
16.690388,123.5,1500.0,Mid-term,Long-term
827.255067,281.97,1000.0,Long-term,Mid-term
2421.144942,2685.48,4500.0,Long-term,Long-term
72.518075,525.0,1000.0,Long-term,Long-term
3232.346639,0.0,3500.0,Long-term,Long-term
30.709172,693.42,1000.0,Short-term,Long-term
39.105741,220.0,3000.0,Long-term,Long-term
1728.275923,628.56,6000.0,Long-term,Long-term
16.887571,1083.0,1200.0,Long-term,Long-term
87.704546,352.83,1000.0,Mid-term,Long-term
2286.9003,4536.48,4000.0,Long-term,Long-term
1866.428342,3306.06,5000.0,Long-term,Long-term
3759.848908,7472.37,8500.0,Long-term,Long-term
22.879526,171.0,1500.0,Short-term,Long-term
7.56809,144.26,11500.0,Long-term,Long-term
250.123525,2655.99,3600.0,Long-term,Long-term
1690.244293,0.0,3000.0,Long-term,Long-term
825.347767,0.0,1200.0,Long-term,Long-term
1150.867752,108.0,1000.0,Long-term,Long-term
1902.444082,0.0,2500.0,Long-term,Long-term
917.531824,0.0,1600.0,Long-term,Long-term
445.179998,0.0,500.0,Long-term,Short-term
21.986298,568.78,3800.0,Long-term,Long-term
1995.332004,0.0,2000.0,Long-term,Long-term
278.142977,1901.94,4500.0,Long-term,Long-term
1100.505764,220.0,1200.0,Long-term,Long-term
7442.599092,1080.0,8500.0,Long-term,Long-term
2723.369217,10410.49,19500.0,Long-term,Long-term
20.42609,114.0,4000.0,Long-term,Long-term
5484.339435,0.0,6000.0,Long-term,Long-term
1346.777622,1798.15,1500.0,Long-term,Mid-term
1322.579742,453.0,1800.0,Long-term,Long-term
383.965702,3552.44,10500.0,Long-term,Long-term
1049.109012,200.02,1000.0,Long-term,Long-term
1806.845374,0.0,6000.0,Long-term,Long-term
31.872458,394.0,1500.0,Long-term,Long-term
1804.401706,40.0,2500.0,Long-term,Long-term
1271.429631,0.0,1500.0,Long-term,Long-term
18.112481,206.69,2000.0,Long-term,Long-term
225.404563,2424.34,7500.0,Long-term,Long-term
1080.956258,386.78,2600.0,Long-term,Long-term
5944.084692,0.0,6000.0,Long-term,Long-term
815.229732,2371.92,2000.0,Long-term,Mid-term
56.060327,13.69,2900.0,Long-term,Long-term
791.117673,854.2,7350.0,Long-term,Long-term
1941.539209,1366.74,6300.0,Long-term,Long-term
135.856693,843.95,1200.0,Mid-term,Long-term
374.101774,1283.36,1800.0,Long-term,Long-term
975.946428,1572.42,1700.0,Long-term,Long-term
2784.030599,1470.0,7000.0,Long-term,Long-term
349.788099,400.6,450.0,Long-term,Mid-term
4487.993384,1654.94,7500.0,Long-term,Long-term
337.269567,2125.84,1200.0,Mid-term,Long-term
1619.955708,739.44,6000.0,Long-term,Long-term
1142.302592,0.0,1200.0,Long-term,Long-term
324.334482,0.0,500.0,Mid-term,Long-term
1.931162,152.72,2500.0,Long-term,Long-term
2079.82381,1021.9,3000.0,Long-term,Long-term
599.909949,4947.32,3000.0,Long-term,Long-term
3421.570645,0.0,8500.0,Long-term,Long-term
1374.266113,1814.3,6500.0,Long-term,Long-term
161.926545,1427.83,14000.0,Short-term,Long-term
1094.300448,1967.86,11500.0,Long-term,Long-term
1046.785259,0.0,3000.0,Mid-term,Long-term
7283.579076,209.07,11500.0,Long-term,Long-term
444.841702,218.59,500.0,Long-term,Long-term
3492.064185,0.0,12500.0,Long-term,Long-term
4211.539631,0.0,10500.0,Long-term,Long-term
61.954938,477.42,6000.0,Long-term,Long-term
2533.618119,5633.83,9000.0,Long-term,Long-term
63.325286,246.64,1000.0,Mid-term,Long-term
149.59894,2009.64,16500.0,Long-term,Long-term
471.104779,0.0,500.0,Long-term,Long-term
1068.985549,0.0,1200.0,Long-term,Long-term
0.0,408.38,6000.0,Long-term,Long-term
28.320092,332.5,3000.0,Long-term,Long-term
64.472043,200.02,1200.0,Long-term,Long-term
1209.031561,103.91,2500.0,Long-term,Long-term
2187.00313,0.0,3000.0,Mid-term,Short-term
1688.521097,0.0,3000.0,Long-term,Long-term
273.429593,8534.58,5000.0,Long-term,Long-term
1157.168369,0.0,3000.0,Long-term,Long-term
903.29781,2697.48,2500.0,Long-term,Long-term
417.878821,364.0,5000.0,Long-term,Long-term
396.890847,3943.97,7500.0,Long-term,Long-term
21.580264,284.72,5000.0,Long-term,Long-term
61.763018,35.3,1500.0,Long-term,Long-term
1801.045046,1684.29,8000.0,Long-term,Long-term
1098.392083,0.0,1200.0,Long-term,Long-term
678.62589,59.24,1200.0,Long-term,Short-term
128.558239,720.0,1000.0,Long-term,Long-term
35.771638,443.04,1500.0,Long-term,Long-term
81.584711,0.0,9500.0,Long-term,Long-term
728.352548,734.4,1000.0,Short-term,Short-term
1407.26415,151.64,1500.0,Long-term,Long-term
124.732546,301.07,5000.0,Long-term,Long-term
1375.845223,0.0,1500.0,Long-term,Long-term
4279.153917,1006.17,7500.0,Mid-term,Long-term
283.691223,45.65,1000.0,Long-term,Long-term
704.910363,500.5,1200.0,Long-term,Long-term
632.807858,453.91,6000.0,Long-term,Mid-term
2785.584338,0.0,3000.0,Mid-term,Long-term
2288.014844,1753.46,2500.0,Long-term,Long-term
2332.392373,306.36,7000.0,Long-term,Short-term
458.403218,0.0,1200.0,Long-term,Long-term
226.03038,435.08,7500.0,Long-term,Long-term
6727.539699,711.72,8500.0,Long-term,Long-term
9.431309,80.44,2500.0,Long-term,Long-term
654.849672,630.0,2500.0,Long-term,Long-term
990.45604,0.0,1000.0,Long-term,Mid-term
1996.785925,212.64,2000.0,Long-term,Long-term
1186.616403,0.0,1500.0,Long-term,Long-term
5422.456378,0.0,14000.0,Long-term,Long-term
1644.496393,0.0,1950.0,Long-term,Long-term
4232.350593,32.35,14000.0,Long-term,Long-term
306.90901,2768.93,10500.0,Long-term,Long-term
563.749251,5039.97,4000.0,Long-term,Long-term
1142.909141,0.0,2500.0,Mid-term,Long-term
11.772828,101.0,1200.0,Long-term,Long-term
933.150722,0.0,1500.0,Long-term,Long-term
1500.034488,274.45,3000.0,Long-term,Long-term
508.164075,57.0,600.0,Long-term,Long-term
128.365782,1003.2,7000.0,Long-term,Long-term
2333.99188,0.0,4500.0,Long-term,Mid-term
138.459191,327.94,5000.0,Long-term,Long-term
1596.02939,466.18,1500.0,Long-term,Long-term
1521.763256,312.15,1500.0,Long-term,Long-term
88.492683,0.0,2500.0,Long-term,Long-term
499.409588,6636.91,8000.0,Long-term,Long-term
8.248278,0.0,4000.0,Long-term,Long-term
874.905296,484.04,1000.0,Long-term,Long-term
953.772248,747.62,2500.0,Long-term,Long-term
4.398104,76.0,1500.0,Long-term,Mid-term
23.111088,300.0,12500.0,Long-term,Long-term
1842.11833,83.31,2000.0,Long-term,Long-term
241.032979,0.0,1500.0,Long-term,Short-term
4657.477375,237.52,4500.0,Long-term,Long-term
76.046682,1440.93,12000.0,Long-term,Long-term
2828.6637,3766.55,10000.0,Long-term,Long-term
125.039376,1118.91,1800.0,Long-term,Long-term
1836.565272,0.0,2500.0,Long-term,Mid-term
763.228081,0.0,1200.0,Mid-term,Long-term
172.316897,368.49,2500.0,Long-term,Long-term
1193.434312,689.4,3500.0,Long-term,Long-term
372.722601,819.7,1500.0,Long-term,Long-term
155.167572,1084.76,4000.0,Mid-term,Long-term
1370.317105,1389.28,1800.0,Long-term,Long-term
1155.123292,62.02,1200.0,Long-term,Long-term
889.767658,2997.02,7000.0,Long-term,Long-term
975.820862,66.72,1000.0,Long-term,Long-term
1173.112709,823.05,1500.0,Long-term,Long-term
2569.379868,972.65,5500.0,Long-term,Long-term
1608.163254,1130.6,2500.0,Long-term,Long-term
690.625555,666.6,6000.0,Long-term,Long-term
663.394569,1208.7,1500.0,Mid-term,Long-term
1758.059987,412.33,1800.0,Long-term,Long-term
601.68828,1358.2,1500.0,Mid-term,Long-term
5266.121863,9030.08,6000.0,Long-term,Long-term
41.754778,636.15,8500.0,Long-term,Long-term
673.592238,2199.62,3000.0,Long-term,Long-term
1134.648238,143.12,1200.0,Mid-term,Long-term
172.131105,1666.95,2500.0,Long-term,Long-term
735.652303,619.6,1000.0,Short-term,Long-term
118.46707,1643.85,7000.0,Long-term,Long-term
1216.570617,5140.49,4500.0,Long-term,Long-term
2597.400267,1748.73,6500.0,Long-term,Long-term
4143.074668,1074.27,6000.0,Long-term,Long-term
313.87913,2746.84,2500.0,Long-term,Long-term
1791.85654,71.38,3000.0,Long-term,Mid-term
50.926002,165.97,1500.0,Long-term,Long-term
518.923941,264.0,5000.0,Long-term,Long-term
1216.704733,0.0,3000.0,Long-term,Long-term
2174.018945,377.1,2600.0,Long-term,Long-term
25.679113,379.0,1000.0,Mid-term,Long-term
2233.074041,445.2,8000.0,Long-term,Long-term
56.726412,268.68,3500.0,Long-term,Long-term
4375.13933,32.1,6000.0,Long-term,Long-term
137.636267,1567.25,7000.0,Long-term,Long-term
1205.191816,0.0,2500.0,Mid-term,Long-term
6.395964,79.0,7500.0,Long-term,Long-term
2223.497527,132.28,3000.0,Mid-term,Mid-term
4.602365,38.42,1000.0,Long-term,Long-term
165.290723,971.2,1000.0,Long-term,Mid-term
563.587232,1232.59,4000.0,Long-term,Long-term
367.596554,0.0,1200.0,Long-term,Short-term
6877.333016,0.0,9000.0,Long-term,Long-term
1030.914048,1083.44,1200.0,Long-term,Long-term
58.239998,556.93,4700.0,Long-term,Long-term
1667.851788,0.0,3000.0,Mid-term,Long-term
1293.044047,0.0,1500.0,Long-term,Long-term
2759.801583,0.0,3000.0,Long-term,Long-term
3798.323722,0.0,4000.0,Long-term,Long-term
27.716642,0.0,5000.0,Mid-term,Long-term
1808.972419,713.9,2250.0,Mid-term,Long-term
2369.851759,9934.93,10000.0,Long-term,Long-term
8248.178009,1788.84,18000.0,Long-term,Long-term
1459.803597,0.0,1500.0,Long-term,Long-term
501.453416,1199.46,6500.0,Long-term,Long-term
1308.786637,0.0,1500.0,Long-term,Long-term
150.897044,0.0,2500.0,Long-term,Long-term
664.911581,0.0,1800.0,Long-term,Long-term
37.765185,158.64,1500.0,Mid-term,Short-term
493.243274,1180.68,1500.0,Long-term,Long-term
3515.039029,2924.08,4000.0,Long-term,Long-term
1125.306541,703.05,1300.0,Mid-term,Long-term
6928.721377,18.35,18000.0,Long-term,Long-term
1.366727,0.0,1200.0,Long-term,Long-term
37.983045,242.24,2000.0,Long-term,Long-term
26.143505,124.03,1000.0,Long-term,Short-term
5.801666,88.97,2720.0,Long-term,Mid-term
2475.507619,569.85,5000.0,Long-term,Long-term
238.962984,2402.64,8500.0,Long-term,Mid-term
99.912238,730.2,1000.0,Short-term,Long-term
1093.946163,0.0,1200.0,Long-term,Long-term
1893.423054,650.04,2000.0,Long-term,Long-term
197.931794,1946.25,1200.0,Long-term,Mid-term
1477.960998,349.25,1500.0,Long-term,Long-term
472.61828,4626.36,3800.0,Long-term,Long-term
366.111566,3482.9,7500.0,Long-term,Long-term
10.920026,95.6,1000.0,Mid-term,Long-term
2171.222526,791.18,3000.0,Short-term,Long-term
2933.240476,0.0,3000.0,Long-term,Mid-term
24.28497,250.6,3000.0,Long-term,Long-term
1543.205532,1027.57,6000.0,Long-term,Long-term
3899.763741,0.0,6500.0,Long-term,Mid-term
186.020599,269.85,2000.0,Short-term,Short-term
40.900749,95.4,1000.0,Long-term,Long-term
2947.426082,2257.28,8500.0,Mid-term,Long-term
10856.48301,45.65,14500.0,Long-term,Long-term
3805.493532,465.6,4500.0,Long-term,Long-term
1182.045732,130.0,1200.0,Long-term,Long-term
765.966137,1488.82,4000.0,Long-term,Long-term
2534.994214,569.2,5000.0,Long-term,Long-term
839.081567,0.0,1800.0,Long-term,Long-term
1876.290248,63.62,2000.0,Long-term,Long-term
1210.573775,2077.09,1500.0,Mid-term,Long-term
45.069167,218.28,1000.0,Long-term,Mid-term
180.750232,266.64,3500.0,Long-term,Long-term
69.4432,368.16,2500.0,Long-term,Long-term
2885.068871,0.0,3000.0,Long-term,Long-term
3024.629054,0.0,4500.0,Long-term,Long-term
2503.438106,2001.69,3000.0,Long-term,Long-term
5.310611,234.0,1500.0,Mid-term,Long-term
2294.145941,29.29,2100.0,Long-term,Long-term
1734.510004,0.0,1800.0,Long-term,Long-term
79.189929,699.12,2500.0,Long-term,Long-term
5329.544052,1651.64,5500.0,Long-term,Long-term
5.663355,35.0,2500.0,Long-term,Mid-term
1004.441314,530.32,1000.0,Long-term,Long-term
216.705656,1442.9,4000.0,Short-term,Long-term
0.0,0.0,500.0,Long-term,Mid-term
603.62806,60.0,1200.0,Long-term,Long-term
446.735142,5228.36,3000.0,Long-term,Mid-term
1083.120149,0.0,1200.0,Long-term,Long-term
32.042424,400.41,4500.0,Long-term,Long-term
160.852061,4704.98,4500.0,Mid-term,Long-term
120.658015,349.12,2700.0,Long-term,Long-term
31.734061,95.0,500.0,Mid-term,Long-term
64.907748,547.28,2500.0,Long-term,Long-term
3221.105151,3447.55,9500.0,Long-term,Long-term
383.370294,326.74,600.0,Long-term,Long-term
1204.873791,0.0,1500.0,Long-term,Short-term
1565.025253,3035.98,2500.0,Long-term,Long-term
3006.594256,9362.96,7500.0,Long-term,Long-term
4785.789559,0.0,9500.0,Mid-term,Long-term
266.142747,2109.17,7000.0,Long-term,Long-term
3569.826878,3056.06,8500.0,Long-term,Mid-term
766.810346,0.0,4000.0,Long-term,Long-term
132.353911,358.34,1500.0,Long-term,Long-term
35.276551,22.48,7500.0,Long-term,Long-term
1289.327381,892.0,3500.0,Long-term,Long-term
2560.74396,110.25,10000.0,Mid-term,Long-term
1421.787032,0.0,1500.0,Long-term,Mid-term
1364.256013,0.0,1500.0,Long-term,Long-term
1991.277745,56.7,3000.0,Long-term,Mid-term
1106.557102,1342.86,6500.0,Long-term,Long-term
77.321718,278.44,2500.0,Long-term,Long-term
2992.591246,0.0,3500.0,Long-term,Long-term
1308.128024,623.03,1500.0,Long-term,Long-term
4.607593,44.55,6000.0,Long-term,Long-term
4060.710208,22500.0,23000.0,Long-term,Long-term
99.029726,1496.87,5000.0,Long-term,Long-term
6804.186841,640.03,7100.0,Long-term,Long-term
1509.177493,0.0,5000.0,Long-term,Long-term
996.48222,675.96,1000.0,Long-term,Long-term
0.0,54.85,5000.0,Long-term,Mid-term
4751.340645,309.86,8600.0,Long-term,Long-term
633.388444,830.45,6000.0,Long-term,Mid-term
4532.433434,1433.26,7000.0,Long-term,Long-term
365.674097,1169.73,1500.0,Long-term,Short-term
895.308285,0.0,1000.0,Long-term,Long-term
2416.555714,2266.01,4000.0,Long-term,Long-term
55.58459,395.05,5500.0,Long-term,Long-term
611.327959,518.88,600.0,Long-term,Mid-term
171.267988,2062.67,7500.0,Long-term,Long-term
0.391963,43.33,1200.0,Long-term,Long-term
214.592814,0.0,3000.0,Long-term,Long-term
1191.014802,590.8,3000.0,Short-term,Long-term
989.022229,0.0,1200.0,Long-term,Mid-term
2854.716657,0.0,3000.0,Long-term,Long-term
4526.591303,1806.5,9000.0,Long-term,Long-term
264.103675,3568.21,1500.0,Long-term,Long-term
0.0,1027.92,2500.0,Long-term,Long-term
5.196923,68.02,4000.0,Long-term,Long-term
27.625906,234.48,2500.0,Long-term,Long-term
3315.689234,1434.88,6000.0,Long-term,Long-term
56.215217,402.13,1000.0,Long-term,Short-term
4.256664,31.25,1000.0,Long-term,Long-term
63.169044,806.71,7500.0,Long-term,Long-term
474.451835,0.0,1200.0,Long-term,Long-term
72.679836,800.55,7000.0,Long-term,Long-term
1694.125362,437.52,1800.0,Long-term,Long-term
2147.939753,117.57,8000.0,Long-term,Long-term
97.453056,334.73,2500.0,Long-term,Long-term
1963.239125,67.55,2500.0,Long-term,Long-term
99.256215,1554.39,6000.0,Long-term,Long-term
2508.071641,217.5,3000.0,Long-term,Long-term
14.665071,108.85,1000.0,Long-term,Long-term
32.944835,185.8,1000.0,Mid-term,Short-term
38.160715,340.0,5000.0,Long-term,Long-term
109.621031,1060.5,1000.0,Long-term,Mid-term
687.004441,252.0,2000.0,Mid-term,Long-term
288.097302,2622.6,450.0,Long-term,Long-term
267.668693,2518.37,2500.0,Long-term,Long-term
8033.907466,159.0,9000.0,Long-term,Long-term
839.897907,1869.88,4000.0,Long-term,Long-term
0.0,247.44,1500.0,Long-term,Mid-term
5265.763713,410.24,16500.0,Long-term,Long-term
2150.940844,1105.74,2500.0,Short-term,Long-term
1048.892643,0.0,1100.0,Long-term,Long-term
9993.352521,0.0,14500.0,Long-term,Long-term
1131.445959,0.0,1950.0,Long-term,Short-term
5172.929286,3030.33,7500.0,Long-term,Long-term
51.581189,384.89,6000.0,Long-term,Long-term
2521.094992,2326.16,3000.0,Long-term,Long-term
570.657071,950.39,4000.0,Long-term,Long-term
484.108869,0.0,1000.0,Long-term,Long-term
235.294264,1286.2,4000.0,Long-term,Long-term
952.419564,283.8,1000.0,Long-term,Long-term
2285.068731,0.0,2500.0,Long-term,Long-term
1920.231187,167.08,2300.0,Long-term,Long-term
289.529643,110.0,1200.0,Long-term,Long-term
229.913693,2406.77,10000.0,Long-term,Long-term
661.135323,568.81,1700.0,Long-term,Long-term
2271.102591,272.93,2500.0,Long-term,Long-term
1575.508838,0.0,2500.0,Mid-term,Long-term
2270.623981,1200.0,3000.0,Long-term,Long-term
3014.625246,0.0,6500.0,Long-term,Long-term
1551.908555,416.64,2500.0,Long-term,Long-term
1117.368286,972.38,1900.0,Long-term,Long-term
556.359504,1111.12,2500.0,Long-term,Long-term
550.50988,194.03,4000.0,Long-term,Long-term
245.115749,2690.62,8000.0,Mid-term,Long-term
1771.43578,1176.0,1700.0,Long-term,Long-term
533.990908,1286.1,1200.0,Long-term,Mid-term
546.844163,2427.26,5000.0,Long-term,Long-term
421.796337,2748.74,4500.0,Long-term,Long-term
1033.41108,1020.3,1200.0,Long-term,Long-term
357.62718,3070.45,18500.0,Long-term,Long-term
4379.015578,996.64,14500.0,Long-term,Long-term
6593.820644,388.66,7000.0,Long-term,Long-term
231.90824,711.8,8500.0,Long-term,Long-term
1247.196735,243.0,1200.0,Long-term,Long-term
176.837859,108.39,1500.0,Long-term,Long-term
725.529062,8754.59,4000.0,Long-term,Long-term
3130.53708,428.16,4300.0,Long-term,Long-term
30.957159,426.25,1200.0,Long-term,Long-term
2273.555853,329.3,3000.0,Long-term,Long-term
3168.902659,0.0,4200.0,Short-term,Long-term
1381.084668,162.56,3000.0,Long-term,Long-term
1302.78269,45.65,1500.0,Long-term,Long-term
5580.530306,2470.4,9500.0,Long-term,Long-term
986.84903,558.18,1000.0,Long-term,Long-term
955.117067,0.0,4500.0,Long-term,Long-term
2580.169522,0.0,3000.0,Long-term,Short-term
2076.211673,1057.0,2500.0,Long-term,Long-term
1589.141901,0.0,3000.0,Long-term,Long-term
91.669477,824.5,1500.0,Long-term,Short-term
5873.201628,146.68,8000.0,Long-term,Long-term
248.626137,2635.25,5000.0,Long-term,Long-term
1341.000157,1355.77,4000.0,Long-term,Long-term
31.560931,300.0,1000.0,Long-term,Long-term
3990.523579,263.5,6000.0,Long-term,Long-term
23.934205,266.1,4000.0,Long-term,Long-term
229.867179,2390.6,3300.0,Long-term,Long-term
1389.598597,6058.03,4000.0,Long-term,Long-term
1625.118547,2908.35,3500.0,Long-term,Long-term
4373.439331,1959.04,7000.0,Mid-term,Long-term
492.040223,17.0,600.0,Long-term,Long-term
17.838173,164.7,3000.0,Long-term,Long-term
1631.573904,112.56,1700.0,Long-term,Long-term
70.392491,1008.56,6000.0,Long-term,Long-term
3764.89205,898.43,4500.0,Long-term,Long-term
5606.778018,283.88,14500.0,Long-term,Long-term
2670.123456,3103.57,7500.0,Long-term,Long-term
11209.37076,11147.33,11000.0,Long-term,Long-term
877.354533,6954.28,9000.0,Long-term,Long-term
1070.999446,990.7,1400.0,Long-term,Long-term
910.682404,0.0,1500.0,Long-term,Long-term
784.889762,1526.59,3000.0,Long-term,Long-term
57.937789,450.0,4000.0,Long-term,Long-term
36.023577,273.8,5500.0,Long-term,Long-term
1630.431093,43.89,6000.0,Long-term,Long-term
1929.069939,0.0,2500.0,Long-term,Long-term
411.062591,0.0,500.0,Long-term,Mid-term
450.746858,194.1,600.0,Long-term,Mid-term
37.050529,367.17,2000.0,Long-term,Long-term
0.064811,111.84,1500.0,Long-term,Long-term
350.819852,0.0,1200.0,Long-term,Long-term
1279.305202,2071.7,2500.0,Long-term,Long-term
801.703734,387.77,2500.0,Long-term,Long-term
1216.594927,878.64,1200.0,Long-term,Long-term
1649.276603,0.0,1800.0,Long-term,Long-term
789.814537,0.0,3000.0,Long-term,Long-term
88.439209,690.4,2000.0,Mid-term,Long-term
1555.793701,66.2,1600.0,Long-term,Long-term
132.73446,2190.0,2500.0,Mid-term,Long-term
636.560481,202.77,1500.0,Short-term,Short-term
64.491497,855.99,3000.0,Mid-term,Long-term
72.087172,607.36,5500.0,Long-term,Long-term
3770.560441,964.06,6000.0,Mid-term,Long-term
706.675991,2721.16,6500.0,Long-term,Long-term
2421.820915,0.0,5000.0,Short-term,Long-term
253.143106,0.0,5000.0,Short-term,Long-term
1114.122532,348.47,1200.0,Long-term,Short-term
84.067421,852.26,18500.0,Long-term,Long-term
862.413024,108.0,1000.0,Long-term,Long-term
3447.523748,6341.55,5000.0,Long-term,Long-term
1171.429087,1845.42,3000.0,Long-term,Long-term
95.055337,133.45,2500.0,Long-term,Long-term
358.674215,411.3,2500.0,Long-term,Long-term
41.386295,194.57,2200.0,Long-term,Long-term
1182.080141,266.68,1000.0,Long-term,Long-term
912.857498,831.03,5500.0,Short-term,Mid-term
7021.942957,0.0,7500.0,Long-term,Long-term
10.805893,76.51,2500.0,Short-term,Long-term
0.0,300.0,2500.0,Short-term,Long-term
520.521822,820.29,6000.0,Long-term,Long-term
3616.393429,2459.18,5500.0,Long-term,Long-term
803.288674,0.0,3000.0,Mid-term,Long-term
5.1807,0.0,3000.0,Long-term,Long-term
553.253321,0.0,1800.0,Long-term,Long-term
585.537233,178.0,1000.0,Long-term,Long-term
6980.228444,4400.0,10000.0,Long-term,Long-term
2864.644318,135.0,7000.0,Mid-term,Long-term
303.054817,894.4,4000.0,Long-term,Long-term
2572.508325,64.0,2800.0,Long-term,Long-term
1079.462513,389.21,1200.0,Long-term,Long-term
486.17036,0.0,1500.0,Long-term,Long-term
1450.959629,0.0,4000.0,Mid-term,Long-term
1117.34082,474.96,1000.0,Long-term,Long-term
3182.968599,2502.46,5500.0,Long-term,Long-term
1455.745146,266.0,1500.0,Mid-term,Long-term
4661.423201,0.0,6500.0,Long-term,Long-term
0.0,1200.0,2500.0,Long-term,Long-term
112.037368,1006.69,1000.0,Mid-term,Long-term
137.909416,897.42,7000.0,Long-term,Long-term
7006.751866,328.92,10000.0,Short-term,Long-term
3140.698358,1961.78,6000.0,Long-term,Long-term
1481.43247,0.0,1800.0,Long-term,Mid-term
1528.571561,0.0,1600.0,Long-term,Long-term
5262.745812,0.0,6500.0,Long-term,Long-term
4.822037,58.32,1000.0,Short-term,Long-term
443.339878,0.0,1200.0,Mid-term,Short-term
253.640197,2607.88,4000.0,Long-term,Long-term
451.404363,2196.0,1800.0,Long-term,Mid-term
859.588282,48.16,10000.0,Long-term,Long-term
1475.396878,5055.77,1900.0,Long-term,Mid-term
1420.113689,393.63,1500.0,Long-term,Long-term
566.147105,0.0,2000.0,Long-term,Long-term
371.896615,332.0,2500.0,Mid-term,Long-term
1728.29571,673.8,1700.0,Long-term,Long-term
2664.700424,715.51,3500.0,Long-term,Long-term
468.769607,585.68,4500.0,Long-term,Long-term
3049.215189,390.0,3200.0,Long-term,Long-term
5559.733773,930.0,7500.0,Long-term,Long-term
72.188087,117.9,3400.0,Long-term,Long-term
3971.138765,0.0,4000.0,Long-term,Long-term
1744.956833,0.0,1800.0,Long-term,Long-term
0.223351,336.0,1000.0,Long-term,Long-term
0.919387,251.5,1200.0,Long-term,Long-term
4158.137668,8.4,7500.0,Long-term,Long-term
706.182752,3304.27,4000.0,Long-term,Long-term
4276.929643,298.0,8000.0,Long-term,Long-term
94.83691,1027.84,18000.0,Long-term,Mid-term
1168.692032,0.0,5000.0,Long-term,Long-term
1060.385693,5327.61,6000.0,Long-term,Long-term
449.026889,313.2,1000.0,Long-term,Long-term
910.072514,18.05,1000.0,Long-term,Long-term
574.416538,376.2,1500.0,Long-term,Long-term
63.738066,961.86,5000.0,Long-term,Long-term
191.37693,510.0,1000.0,Mid-term,Long-term
28.155795,324.17,1500.0,Long-term,Long-term
5291.221238,2090.47,15000.0,Long-term,Long-term
7390.19856,612.1,12000.0,Long-term,Long-term
1859.165344,0.0,3500.0,Long-term,Long-term
1758.703148,3955.35,7500.0,Long-term,Long-term
2514.170127,87.28,5000.0,Long-term,Mid-term
909.560162,912.1,1200.0,Long-term,Long-term
3337.178486,883.39,6000.0,Long-term,Long-term
1056.267818,0.0,1500.0,Long-term,Long-term
144.436235,0.0,1000.0,Long-term,Long-term
327.576438,2352.24,6500.0,Long-term,Long-term
3842.454902,0.0,6500.0,Long-term,Long-term
1452.616145,522.29,1500.0,Long-term,Long-term
2986.070256,178.9,10000.0,Long-term,Long-term
757.964752,157.4,1200.0,Mid-term,Long-term
430.282584,888.85,3500.0,Long-term,Long-term
2675.636728,1257.27,6000.0,Long-term,Long-term
1579.158781,4175.25,8000.0,Long-term,Long-term
205.123752,2066.08,7500.0,Long-term,Long-term
392.896462,450.0,500.0,Long-term,Mid-term
803.68596,1690.93,1200.0,Mid-term,Long-term
1006.592714,1341.62,1200.0,Long-term,Long-term
433.075331,750.0,1500.0,Long-term,Long-term
3153.251957,3398.12,3000.0,Long-term,Long-term
10599.4423,4029.24,12500.0,Long-term,Long-term
6995.3025,999.77,8000.0,Long-term,Long-term
1109.84819,261.56,1200.0,Long-term,Long-term
75.647479,540.0,4000.0,Long-term,Long-term
17.206623,109.0,1000.0,Long-term,Mid-term
19.548437,266.56,4500.0,Long-term,Long-term
80.545433,374.37,1500.0,Long-term,Long-term
1827.200326,1325.27,4000.0,Long-term,Long-term
1666.670542,1499.0,7500.0,Long-term,Long-term
7803.470739,7184.73,11500.0,Long-term,Long-term
802.87844,3228.26,3000.0,Long-term,Long-term
12.281874,153.11,9000.0,Mid-term,Long-term
121.446047,1254.46,1000.0,Long-term,Long-term
0.0,23.0,5000.0,Long-term,Long-term
1031.936983,2308.0,3000.0,Long-term,Long-term
222.478614,2360.7,5000.0,Long-term,Long-term
3788.416968,718.06,7500.0,Short-term,Long-term
989.993863,0.0,1200.0,Long-term,Mid-term
1121.44991,219.4,1200.0,Long-term,Long-term
3093.592745,47.69,4100.0,Long-term,Long-term
66.618088,544.0,3000.0,Long-term,Long-term
1268.250294,167.0,1800.0,Long-term,Long-term
10.259525,119.8,5000.0,Long-term,Long-term
3682.667737,2214.64,9000.0,Long-term,Long-term
5487.683724,419.1,6250.0,Long-term,Long-term
950.563525,7479.95,15000.0,Long-term,Long-term
15.740657,72.0,1000.0,Long-term,Long-term
1372.725482,992.25,4500.0,Long-term,Long-term
1785.90226,0.0,1800.0,Long-term,Long-term
2236.176309,1114.43,9000.0,Long-term,Long-term
3778.609797,878.29,8500.0,Long-term,Long-term
816.765152,7967.04,10000.0,Long-term,Long-term
327.508171,2477.68,2000.0,Mid-term,Long-term
5747.761139,1627.69,5500.0,Long-term,Long-term
98.039262,258.36,1500.0,Short-term,Long-term
1492.443188,1777.27,5000.0,Long-term,Long-term
940.351166,0.0,3000.0,Mid-term,Long-term
97.389327,60.0,12500.0,Long-term,Long-term
802.274379,150.0,6000.0,Long-term,Long-term
454.181676,1361.65,4000.0,Long-term,Long-term
389.835298,0.0,3000.0,Long-term,Short-term
165.240633,0.0,1500.0,Long-term,Short-term
817.059154,0.0,5500.0,Long-term,Long-term
330.673765,33.44,2400.0,Long-term,Long-term
1956.295501,0.0,2100.0,Long-term,Long-term
1763.755481,2233.3,13000.0,Long-term,Long-term
208.707195,2351.58,4500.0,Long-term,Long-term
7.472301,80.0,3000.0,Long-term,Short-term
185.924664,617.98,1200.0,Short-term,Long-term
322.222745,2522.03,9000.0,Mid-term,Long-term
92.887247,1258.5,1000.0,Long-term,Mid-term
767.871111,1878.51,2500.0,Long-term,Long-term
952.952011,39.58,1800.0,Long-term,Long-term
58.949864,2074.57,6000.0,Long-term,Long-term
1623.723148,1283.16,1700.0,Long-term,Long-term
1047.182049,1727.64,1000.0,Long-term,Long-term
5740.590335,8218.32,12000.0,Long-term,Long-term
1623.895229,0.0,1700.0,Long-term,Long-term
1222.745469,0.0,6000.0,Long-term,Long-term
1364.390161,786.0,5000.0,Long-term,Long-term
1634.559235,1062.94,1800.0,Long-term,Long-term
1817.150299,596.5,3000.0,Long-term,Long-term
1495.080484,2323.5,8500.0,Long-term,Long-term
1887.061349,0.0,2000.0,Long-term,Long-term
52.358663,658.24,4000.0,Long-term,Long-term
1172.183909,1700.0,8000.0,Long-term,Long-term
5718.507585,4717.77,6000.0,Long-term,Long-term
11304.51755,105.83,11500.0,Long-term,Long-term
2053.441598,493.85,2000.0,Long-term,Short-term
6.690484,133.2,2500.0,Long-term,Short-term
2732.813233,245.01,5000.0,Long-term,Long-term
5256.69533,188.6,9000.0,Long-term,Long-term
2828.765822,19.98,5500.0,Long-term,Long-term
1739.666192,0.0,4500.0,Long-term,Long-term
1396.800164,210.62,1500.0,Long-term,Long-term
5619.654569,2457.53,8000.0,Short-term,Long-term
2.930211,285.39,1500.0,Mid-term,Long-term
1238.140283,56.38,1600.0,Long-term,Long-term
49.269195,213.75,2500.0,Long-term,Long-term
7295.920263,0.0,7500.0,Long-term,Long-term
198.377577,0.0,9000.0,Long-term,Long-term
1.059103,25.5,5500.0,Long-term,Long-term
15.449607,574.75,1000.0,Long-term,Long-term
7215.19576,0.0,7500.0,Short-term,Long-term
681.615445,4117.24,6000.0,Long-term,Long-term
7.554365,88.56,1500.0,Long-term,Long-term
1135.540743,1148.47,1450.0,Long-term,Long-term
374.405467,1034.4,1200.0,Long-term,Short-term
756.041971,2486.1,4000.0,Mid-term,Long-term
1.753241,0.0,3000.0,Short-term,Long-term
2106.417286,2151.93,4200.0,Long-term,Long-term
49.022296,480.27,2500.0,Long-term,Long-term
463.512203,0.0,7500.0,Long-term,Mid-term
786.483086,226.9,1200.0,Long-term,Long-term
1939.822738,1130.25,3000.0,Long-term,Long-term
142.278809,164.68,2500.0,Long-term,Mid-term
4858.92532,9282.12,9000.0,Long-term,Long-term
5601.953934,0.0,6000.0,Long-term,Long-term
2669.587009,0.0,6500.0,Long-term,Long-term
11.25397,154.64,1500.0,Mid-term,Long-term
779.577168,0.0,6000.0,Long-term,Long-term
0.0,94.5,1500.0,Long-term,Long-term
850.630114,0.05,1000.0,Long-term,Long-term
49.911409,178.4,2500.0,Long-term,Long-term
131.069154,1315.39,3500.0,Long-term,Long-term
5968.583246,22381.97,14500.0,Long-term,Long-term
811.071722,208.92,2500.0,Long-term,Long-term
99.527723,1059.59,2500.0,Long-term,Long-term
576.890374,1081.0,6000.0,Long-term,Long-term
256.433357,206.35,1000.0,Long-term,Long-term
2408.162021,0.0,2500.0,Long-term,Long-term
935.367518,2186.22,1700.0,Long-term,Mid-term
9.730297,99.24,1000.0,Long-term,Long-term
1801.084627,0.0,10000.0,Short-term,Short-term
3.574463,576.0,1000.0,Long-term,Long-term
423.972293,0.0,1500.0,Long-term,Mid-term
10.678354,50.0,3000.0,Long-term,Long-term
4619.500393,1870.8,5000.0,Long-term,Long-term
788.5958,3858.06,7050.0,Long-term,Long-term
34.017341,494.6,4000.0,Long-term,Long-term
1047.173202,450.0,1000.0,Long-term,Long-term
1766.619204,261.12,1950.0,Long-term,Long-term
3108.393701,26582.34,28000.0,Mid-term,Long-term
4988.093733,8581.29,10500.0,Long-term,Long-term
6.484008,61.71,1000.0,Long-term,Long-term
39.557369,45.65,3000.0,Long-term,Long-term
6.104302,134.97,4000.0,Long-term,Long-term
187.516986,0.0,4500.0,Long-term,Long-term
1.025109,59.66,1700.0,Long-term,Long-term
402.512336,150.0,450.0,Long-term,Short-term
1301.549278,0.0,1500.0,Long-term,Long-term
5086.333429,548.89,8500.0,Long-term,Long-term
209.490297,1956.6,4000.0,Long-term,Long-term
16.023788,207.28,1000.0,Mid-term,Long-term
75.792862,1117.35,5000.0,Long-term,Long-term
67.32184,685.15,9000.0,Long-term,Long-term
273.247883,60.0,2300.0,Long-term,Long-term
1.307969,0.0,1200.0,Long-term,Long-term
3393.351236,0.0,4200.0,Long-term,Long-term
2529.016337,1040.74,2500.0,Long-term,Long-term
266.475852,0.0,1500.0,Long-term,Long-term
5.265937,22.5,3000.0,Long-term,Long-term
11.981427,187.55,1000.0,Long-term,Long-term
433.436164,2552.55,5000.0,Long-term,Long-term
26.143768,0.0,1000.0,Long-term,Long-term
1034.026449,93.34,1500.0,Long-term,Mid-term
2201.533726,0.0,3000.0,Long-term,Short-term
1098.52228,285.24,1200.0,Long-term,Long-term
1004.262002,150.0,1000.0,Long-term,Long-term
236.264094,1949.62,1800.0,Long-term,Long-term
2138.185971,45.65,2500.0,Long-term,Long-term
2388.410501,0.0,7000.0,Long-term,Long-term
1.691842,0.0,1500.0,Short-term,Long-term
2722.532415,0.0,3000.0,Long-term,Long-term
1366.778251,5065.83,1700.0,Long-term,Long-term
1571.218695,375.24,1700.0,Mid-term,Long-term
1060.274411,404.24,1500.0,Long-term,Long-term
6650.001408,275.38,15500.0,Long-term,Long-term
709.475496,0.0,1000.0,Long-term,Long-term
116.343256,38.0,1500.0,Long-term,Long-term
2228.47847,979.11,2900.0,Long-term,Long-term
3583.515054,5683.71,3000.0,Long-term,Long-term
77.32592,664.51,2500.0,Long-term,Long-term
31.269893,224.81,1800.0,Long-term,Long-term
29.057803,163.4,1500.0,Mid-term,Short-term
5408.754166,1207.24,7000.0,Long-term,Long-term
7057.658848,360.7,8000.0,Long-term,Long-term
2651.966491,0.0,3000.0,Long-term,Long-term
313.360445,1031.91,3000.0,Long-term,Long-term
1613.34907,0.0,4500.0,Long-term,Long-term
525.143055,0.0,1200.0,Short-term,Mid-term
134.142415,1729.67,1200.0,Long-term,Long-term
293.614532,839.61,3000.0,Short-term,Long-term
8181.251131,2258.01,13500.0,Long-term,Long-term
412.385505,0.0,1500.0,Long-term,Long-term
2025.162877,778.33,2000.0,Long-term,Long-term
1583.622027,45.65,1700.0,Long-term,Long-term
21.681508,299.04,7500.0,Long-term,Long-term
157.907139,499.92,3000.0,Long-term,Long-term
18.516899,260.4,1500.0,Long-term,Long-term
25.998899,0.0,4000.0,Mid-term,Long-term
391.385478,0.0,4000.0,Long-term,Short-term
0.0,0.0,3000.0,Long-term,Long-term
1457.381936,0.0,1500.0,Long-term,Long-term
3221.717702,0.0,4500.0,Long-term,Long-term
1049.496471,1322.67,11000.0,Long-term,Long-term
287.884126,1545.03,6500.0,Long-term,Long-term
83.148283,843.34,6500.0,Long-term,Long-term
39.642014,0.0,5000.0,Long-term,Long-term
92.876617,922.74,3000.0,Long-term,Mid-term
11.442399,82.0,1000.0,Long-term,Long-term
655.786755,387.68,2000.0,Long-term,Long-term
3128.61332,3875.71,6500.0,Long-term,Long-term
19.112841,504.2,1000.0,Long-term,Long-term
5418.305735,0.0,8000.0,Long-term,Long-term
4035.138453,0.0,7000.0,Long-term,Long-term
95.865855,1123.58,1500.0,Long-term,Mid-term
71.837385,0.0,1500.0,Long-term,Mid-term
882.423211,288.75,1000.0,Long-term,Mid-term
1361.203619,952.09,1500.0,Long-term,Mid-term
76.93561,277.0,8500.0,Short-term,Long-term
4936.913341,407.81,5000.0,Long-term,Long-term
57.408695,338.5,7000.0,Long-term,Long-term
28.178604,208.6,1000.0,Long-term,Long-term
80.178891,1200.0,1200.0,Long-term,Long-term
100.477642,1560.0,1000.0,Long-term,Long-term
568.222966,140.03,1200.0,Long-term,Long-term
1978.729646,0.0,6500.0,Long-term,Long-term
445.921101,1580.56,2500.0,Long-term,Long-term
3067.274152,0.0,3500.0,Long-term,Long-term
854.739785,0.0,7000.0,Long-term,Long-term
65.207898,350.0,8000.0,Long-term,Long-term
346.782576,961.12,7000.0,Long-term,Long-term
5359.980872,0.0,6000.0,Long-term,Long-term
3252.763399,230.0,4500.0,Short-term,Long-term
83.279708,899.73,8000.0,Long-term,Long-term
3625.218146,313.27,4000.0,Long-term,Long-term
1699.435486,1363.69,1700.0,Long-term,Long-term
36.412211,343.56,2000.0,Long-term,Long-term
838.616485,375.57,6000.0,Long-term,Long-term
1283.560983,0.0,4000.0,Long-term,Long-term
8097.334733,3999.92,7500.0,Long-term,Long-term
82.803156,756.68,4000.0,Long-term,Long-term
281.877648,0.0,500.0,Mid-term,Long-term
0.001289,96.12,1500.0,Long-term,Long-term
95.887902,769.0,4000.0,Long-term,Long-term
14100.2511,4995.8,16500.0,Long-term,Long-term
148.7321,532.66,3000.0,Long-term,Mid-term
1693.841127,2439.98,5500.0,Long-term,Long-term
2024.488164,0.0,3000.0,Long-term,Long-term
1026.220651,0.0,1500.0,Long-term,Long-term
1889.128442,0.0,3000.0,Long-term,Mid-term
2932.136377,0.0,3500.0,Long-term,Mid-term
38.013028,469.62,4000.0,Long-term,Long-term
1469.720674,0.0,1500.0,Long-term,Long-term
1641.251218,0.0,3000.0,Long-term,Long-term
5.606423,114.0,4000.0,Long-term,Long-term
16.727286,174.46,1500.0,Mid-term,Mid-term
4587.062248,333.28,5000.0,Long-term,Long-term
